--producto 
INSERT INTO producto(id, nombre, cc, lote_minimo, utilidad)
VALUES (1, 'Agua Chica', '500', '1000', '1.0');
INSERT INTO producto(id, nombre, cc, lote_minimo, utilidad)
VALUES (2, 'Agua 600', '600', '1000', '1.0');
INSERT INTO producto(id, nombre, cc, lote_minimo, utilidad)
VALUES (3, 'Agua Lt. y 1/2', '1500', '1000', '1.0');
INSERT INTO producto(id, nombre, cc, lote_minimo, utilidad)
VALUES (4, 'Agua Grande', '2000', '1000', '1.0');
INSERT INTO producto(id, nombre, cc, lote_minimo, utilidad)
VALUES (5, 'Agua Bidon', '5000', '1000', '1.0');
INSERT INTO producto(id, nombre, cc, lote_minimo, utilidad)
VALUES (6, 'Soda Sifon', '2000', '1000', '1.0');
INSERT INTO producto(id, nombre, cc, lote_minimo, utilidad)
VALUES (7, 'Soda Botella', '2250', '1000', '1.0');
INSERT INTO producto(id, nombre, cc, lote_minimo, utilidad)
VALUES (8, 'Saborizada Chica', '500', '1000', '1.0');
INSERT INTO producto(id, nombre, cc, lote_minimo, utilidad)
VALUES (9, 'Saborizada Grande', '1500', '1000', '1.0');
INSERT INTO producto(id, nombre, cc, lote_minimo, utilidad)
VALUES (10, 'Gaseosa Sport', '2250', '1000', '1.0');
INSERT INTO producto(id, nombre, cc, lote_minimo, utilidad)
VALUES (11, 'Gaseosa Plena', '500', '1000', '1.0');

--clientes
INSERT INTO cliente(id, apellido, direccion, nombre, telefono) VALUES (1, 'Salvatierra', 'Paraguay 379', 'Gonzalo', null);
INSERT INTO cliente(id, apellido, direccion, nombre, telefono) VALUES (2, 'Durante', 'Maipu 888', 'Alejandro', null);
INSERT INTO cliente(id, apellido, direccion, nombre, telefono) VALUES (3, 'Diez Gonzalez', 'Alberdi 778', 'Soledad', null);

--pedido
INSERT into pedido(id,fecha_orden, id_producto, cantidad, id_cliente) values (1,'01/01/2009',1,2176.2, 1);	INSERT into pedido(id,fecha_orden, id_producto, cantidad, id_cliente) values (32,'01/01/2009',2,48348.9642857143, 1);	INSERT into pedido(id,fecha_orden, id_producto, cantidad, id_cliente) values (63,'01/01/2009',3,14355.1285714286, 1);	INSERT into pedido(id,fecha_orden, id_producto, cantidad, id_cliente) values (94,'01/01/2009',4,149858.1, 1);	INSERT into pedido(id,fecha_orden, id_producto, cantidad, id_cliente) values (125,'01/01/2009',5,12447.1285714286, 1);	INSERT into pedido(id,fecha_orden, id_producto, cantidad, id_cliente) values (156,'01/01/2009',8,10678.8857142857, 1);	INSERT into pedido(id,fecha_orden, id_producto, cantidad, id_cliente) values (189,'01/01/2009',9,39440.4428571429, 1);	INSERT into pedido(id,fecha_orden, id_producto, cantidad, id_cliente) values (220,'01/01/2009',10,55162.5428571429, 1);	INSERT into pedido(id,fecha_orden, id_producto, cantidad, id_cliente) values (251,'01/01/2009',11,45562.1142857143, 1);	INSERT into pedido(id,fecha_orden, id_producto, cantidad, id_cliente) values (282,'01/01/2009',7,14322.6642857143, 1);	INSERT into pedido(id,fecha_orden, id_producto, cantidad, id_cliente) values (313,'01/01/2009',6,47217.9857142857, 1);
INSERT into pedido(id,fecha_orden, id_producto, cantidad, id_cliente) values (2,'02/01/2009',1,2176.2, 1);	INSERT into pedido(id,fecha_orden, id_producto, cantidad, id_cliente) values (33,'02/01/2009',2,48348.9642857143, 1);	INSERT into pedido(id,fecha_orden, id_producto, cantidad, id_cliente) values (64,'02/01/2009',3,14355.1285714286, 1);	INSERT into pedido(id,fecha_orden, id_producto, cantidad, id_cliente) values (95,'02/01/2009',4,149858.1, 1);	INSERT into pedido(id,fecha_orden, id_producto, cantidad, id_cliente) values (126,'02/01/2009',5,12447.1285714286, 1);	INSERT into pedido(id,fecha_orden, id_producto, cantidad, id_cliente) values (157,'02/01/2009',8,10678.8857142857, 1);	INSERT into pedido(id,fecha_orden, id_producto, cantidad, id_cliente) values (190,'02/01/2009',9,39440.4428571429, 1);	INSERT into pedido(id,fecha_orden, id_producto, cantidad, id_cliente) values (221,'02/01/2009',10,55162.5428571429, 1);	INSERT into pedido(id,fecha_orden, id_producto, cantidad, id_cliente) values (252,'02/01/2009',11,45562.1142857143, 1);	INSERT into pedido(id,fecha_orden, id_producto, cantidad, id_cliente) values (283,'02/01/2009',7,14322.6642857143, 1);	INSERT into pedido(id,fecha_orden, id_producto, cantidad, id_cliente) values (314,'02/01/2009',6,47217.9857142857, 1);
INSERT into pedido(id,fecha_orden, id_producto, cantidad, id_cliente) values (3,'03/01/2009',1,2176.2, 1);	INSERT into pedido(id,fecha_orden, id_producto, cantidad, id_cliente) values (34,'03/01/2009',2,48348.9642857143, 1);	INSERT into pedido(id,fecha_orden, id_producto, cantidad, id_cliente) values (65,'03/01/2009',3,14355.1285714286, 1);	INSERT into pedido(id,fecha_orden, id_producto, cantidad, id_cliente) values (96,'03/01/2009',4,149858.1, 1);	INSERT into pedido(id,fecha_orden, id_producto, cantidad, id_cliente) values (127,'03/01/2009',5,12447.1285714286, 1);	INSERT into pedido(id,fecha_orden, id_producto, cantidad, id_cliente) values (158,'03/01/2009',8,10678.8857142857, 1);	INSERT into pedido(id,fecha_orden, id_producto, cantidad, id_cliente) values (191,'03/01/2009',9,39440.4428571429, 1);	INSERT into pedido(id,fecha_orden, id_producto, cantidad, id_cliente) values (222,'03/01/2009',10,55162.5428571429, 1);	INSERT into pedido(id,fecha_orden, id_producto, cantidad, id_cliente) values (253,'03/01/2009',11,45562.1142857143, 1);	INSERT into pedido(id,fecha_orden, id_producto, cantidad, id_cliente) values (284,'03/01/2009',7,14322.6642857143, 1);	INSERT into pedido(id,fecha_orden, id_producto, cantidad, id_cliente) values (315,'03/01/2009',6,47217.9857142857, 1);
INSERT into pedido(id,fecha_orden, id_producto, cantidad, id_cliente) values (4,'04/01/2009',1,2176.2, 1);	INSERT into pedido(id,fecha_orden, id_producto, cantidad, id_cliente) values (35,'04/01/2009',2,48348.9642857143, 1);	INSERT into pedido(id,fecha_orden, id_producto, cantidad, id_cliente) values (66,'04/01/2009',3,14355.1285714286, 1);	INSERT into pedido(id,fecha_orden, id_producto, cantidad, id_cliente) values (97,'04/01/2009',4,149858.1, 1);	INSERT into pedido(id,fecha_orden, id_producto, cantidad, id_cliente) values (128,'04/01/2009',5,12447.1285714286, 1);	INSERT into pedido(id,fecha_orden, id_producto, cantidad, id_cliente) values (159,'04/01/2009',8,10678.8857142857, 1);	INSERT into pedido(id,fecha_orden, id_producto, cantidad, id_cliente) values (192,'04/01/2009',9,39440.4428571429, 1);	INSERT into pedido(id,fecha_orden, id_producto, cantidad, id_cliente) values (223,'04/01/2009',10,55162.5428571429, 1);	INSERT into pedido(id,fecha_orden, id_producto, cantidad, id_cliente) values (254,'04/01/2009',11,45562.1142857143, 1);	INSERT into pedido(id,fecha_orden, id_producto, cantidad, id_cliente) values (285,'04/01/2009',7,14322.6642857143, 1);	INSERT into pedido(id,fecha_orden, id_producto, cantidad, id_cliente) values (316,'04/01/2009',6,47217.9857142857, 1);
INSERT into pedido(id,fecha_orden, id_producto, cantidad, id_cliente) values (5,'05/01/2009',1,2176.2, 1);	INSERT into pedido(id,fecha_orden, id_producto, cantidad, id_cliente) values (36,'05/01/2009',2,48348.9642857143, 1);	INSERT into pedido(id,fecha_orden, id_producto, cantidad, id_cliente) values (67,'05/01/2009',3,14355.1285714286, 1);	INSERT into pedido(id,fecha_orden, id_producto, cantidad, id_cliente) values (98,'05/01/2009',4,149858.1, 1);	INSERT into pedido(id,fecha_orden, id_producto, cantidad, id_cliente) values (129,'05/01/2009',5,12447.1285714286, 1);	INSERT into pedido(id,fecha_orden, id_producto, cantidad, id_cliente) values (160,'05/01/2009',8,10678.8857142857, 1);	INSERT into pedido(id,fecha_orden, id_producto, cantidad, id_cliente) values (193,'05/01/2009',9,39440.4428571429, 1);	INSERT into pedido(id,fecha_orden, id_producto, cantidad, id_cliente) values (224,'05/01/2009',10,55162.5428571429, 1);	INSERT into pedido(id,fecha_orden, id_producto, cantidad, id_cliente) values (255,'05/01/2009',11,45562.1142857143, 1);	INSERT into pedido(id,fecha_orden, id_producto, cantidad, id_cliente) values (286,'05/01/2009',7,14322.6642857143, 1);	INSERT into pedido(id,fecha_orden, id_producto, cantidad, id_cliente) values (317,'05/01/2009',6,47217.9857142857, 1);
INSERT into pedido(id,fecha_orden, id_producto, cantidad, id_cliente) values (6,'06/01/2009',1,2176.2, 1);	INSERT into pedido(id,fecha_orden, id_producto, cantidad, id_cliente) values (37,'06/01/2009',2,48348.9642857143, 1);	INSERT into pedido(id,fecha_orden, id_producto, cantidad, id_cliente) values (68,'06/01/2009',3,14355.1285714286, 1);	INSERT into pedido(id,fecha_orden, id_producto, cantidad, id_cliente) values (99,'06/01/2009',4,149858.1, 1);	INSERT into pedido(id,fecha_orden, id_producto, cantidad, id_cliente) values (130,'06/01/2009',5,12447.1285714286, 1);	INSERT into pedido(id,fecha_orden, id_producto, cantidad, id_cliente) values (161,'06/01/2009',8,10678.8857142857, 1);	INSERT into pedido(id,fecha_orden, id_producto, cantidad, id_cliente) values (194,'06/01/2009',9,39440.4428571429, 1);	INSERT into pedido(id,fecha_orden, id_producto, cantidad, id_cliente) values (225,'06/01/2009',10,55162.5428571429, 1);	INSERT into pedido(id,fecha_orden, id_producto, cantidad, id_cliente) values (256,'06/01/2009',11,45562.1142857143, 1);	INSERT into pedido(id,fecha_orden, id_producto, cantidad, id_cliente) values (287,'06/01/2009',7,14322.6642857143, 1);	INSERT into pedido(id,fecha_orden, id_producto, cantidad, id_cliente) values (318,'06/01/2009',6,47217.9857142857, 1);
INSERT into pedido(id,fecha_orden, id_producto, cantidad, id_cliente) values (7,'07/01/2009',1,2176.2, 1);	INSERT into pedido(id,fecha_orden, id_producto, cantidad, id_cliente) values (38,'07/01/2009',2,48348.9642857143, 1);	INSERT into pedido(id,fecha_orden, id_producto, cantidad, id_cliente) values (69,'07/01/2009',3,14355.1285714286, 1);	INSERT into pedido(id,fecha_orden, id_producto, cantidad, id_cliente) values (100,'07/01/2009',4,149858.1, 1);	INSERT into pedido(id,fecha_orden, id_producto, cantidad, id_cliente) values (131,'07/01/2009',5,12447.1285714286, 1);	INSERT into pedido(id,fecha_orden, id_producto, cantidad, id_cliente) values (162,'07/01/2009',8,10678.8857142857, 1);	INSERT into pedido(id,fecha_orden, id_producto, cantidad, id_cliente) values (195,'07/01/2009',9,39440.4428571429, 1);	INSERT into pedido(id,fecha_orden, id_producto, cantidad, id_cliente) values (226,'07/01/2009',10,55162.5428571429, 1);	INSERT into pedido(id,fecha_orden, id_producto, cantidad, id_cliente) values (257,'07/01/2009',11,45562.1142857143, 1);	INSERT into pedido(id,fecha_orden, id_producto, cantidad, id_cliente) values (288,'07/01/2009',7,14322.6642857143, 1);	INSERT into pedido(id,fecha_orden, id_producto, cantidad, id_cliente) values (319,'07/01/2009',6,47217.9857142857, 1);
INSERT into pedido(id,fecha_orden, id_producto, cantidad, id_cliente) values (8,'08/01/2009',1,1450.8, 1);	INSERT into pedido(id,fecha_orden, id_producto, cantidad, id_cliente) values (39,'08/01/2009',2,32232.6428571429, 1);	INSERT into pedido(id,fecha_orden, id_producto, cantidad, id_cliente) values (70,'08/01/2009',3,9570.08571428571, 1);	INSERT into pedido(id,fecha_orden, id_producto, cantidad, id_cliente) values (101,'08/01/2009',4,99905.4, 1);	INSERT into pedido(id,fecha_orden, id_producto, cantidad, id_cliente) values (132,'08/01/2009',5,8298.08571428571, 1);	INSERT into pedido(id,fecha_orden, id_producto, cantidad, id_cliente) values (163,'08/01/2009',8,7119.25714285714, 1);	INSERT into pedido(id,fecha_orden, id_producto, cantidad, id_cliente) values (196,'08/01/2009',9,26293.6285714286, 1);	INSERT into pedido(id,fecha_orden, id_producto, cantidad, id_cliente) values (227,'08/01/2009',10,36775.0285714286, 1);	INSERT into pedido(id,fecha_orden, id_producto, cantidad, id_cliente) values (258,'08/01/2009',11,30374.7428571429, 1);	INSERT into pedido(id,fecha_orden, id_producto, cantidad, id_cliente) values (289,'08/01/2009',7,9548.44285714286, 1);	INSERT into pedido(id,fecha_orden, id_producto, cantidad, id_cliente) values (320,'08/01/2009',6,31478.6571428571, 1);
INSERT into pedido(id,fecha_orden, id_producto, cantidad, id_cliente) values (9,'09/01/2009',1,1450.8, 1);	INSERT into pedido(id,fecha_orden, id_producto, cantidad, id_cliente) values (40,'09/01/2009',2,32232.6428571429, 1);	INSERT into pedido(id,fecha_orden, id_producto, cantidad, id_cliente) values (71,'09/01/2009',3,9570.08571428571, 1);	INSERT into pedido(id,fecha_orden, id_producto, cantidad, id_cliente) values (102,'09/01/2009',4,99905.4, 1);	INSERT into pedido(id,fecha_orden, id_producto, cantidad, id_cliente) values (133,'09/01/2009',5,8298.08571428571, 1);	INSERT into pedido(id,fecha_orden, id_producto, cantidad, id_cliente) values (164,'09/01/2009',8,7119.25714285714, 1);	INSERT into pedido(id,fecha_orden, id_producto, cantidad, id_cliente) values (197,'09/01/2009',9,26293.6285714286, 1);	INSERT into pedido(id,fecha_orden, id_producto, cantidad, id_cliente) values (228,'09/01/2009',10,36775.0285714286, 1);	INSERT into pedido(id,fecha_orden, id_producto, cantidad, id_cliente) values (259,'09/01/2009',11,30374.7428571429, 1);	INSERT into pedido(id,fecha_orden, id_producto, cantidad, id_cliente) values (290,'09/01/2009',7,9548.44285714286, 1);	INSERT into pedido(id,fecha_orden, id_producto, cantidad, id_cliente) values (321,'09/01/2009',6,31478.6571428571, 1);
INSERT into pedido(id,fecha_orden, id_producto, cantidad, id_cliente) values (10,'10/01/2009',1,1450.8, 1);	INSERT into pedido(id,fecha_orden, id_producto, cantidad, id_cliente) values (41,'10/01/2009',2,32232.6428571429, 1);	INSERT into pedido(id,fecha_orden, id_producto, cantidad, id_cliente) values (72,'10/01/2009',3,9570.08571428571, 1);	INSERT into pedido(id,fecha_orden, id_producto, cantidad, id_cliente) values (103,'10/01/2009',4,99905.4, 1);	INSERT into pedido(id,fecha_orden, id_producto, cantidad, id_cliente) values (134,'10/01/2009',5,8298.08571428571, 1);	INSERT into pedido(id,fecha_orden, id_producto, cantidad, id_cliente) values (165,'10/01/2009',8,7119.25714285714, 1);	INSERT into pedido(id,fecha_orden, id_producto, cantidad, id_cliente) values (198,'10/01/2009',9,26293.6285714286, 1);	INSERT into pedido(id,fecha_orden, id_producto, cantidad, id_cliente) values (229,'10/01/2009',10,36775.0285714286, 1);	INSERT into pedido(id,fecha_orden, id_producto, cantidad, id_cliente) values (260,'10/01/2009',11,30374.7428571429, 1);	INSERT into pedido(id,fecha_orden, id_producto, cantidad, id_cliente) values (291,'10/01/2009',7,9548.44285714286, 1);	INSERT into pedido(id,fecha_orden, id_producto, cantidad, id_cliente) values (322,'10/01/2009',6,31478.6571428571, 1);
INSERT into pedido(id,fecha_orden, id_producto, cantidad, id_cliente) values (11,'11/01/2009',1,1450.8, 1);	INSERT into pedido(id,fecha_orden, id_producto, cantidad, id_cliente) values (42,'11/01/2009',2,32232.6428571429, 1);	INSERT into pedido(id,fecha_orden, id_producto, cantidad, id_cliente) values (73,'11/01/2009',3,9570.08571428571, 1);	INSERT into pedido(id,fecha_orden, id_producto, cantidad, id_cliente) values (104,'11/01/2009',4,99905.4, 1);	INSERT into pedido(id,fecha_orden, id_producto, cantidad, id_cliente) values (135,'11/01/2009',5,8298.08571428571, 1);	INSERT into pedido(id,fecha_orden, id_producto, cantidad, id_cliente) values (166,'11/01/2009',8,7119.25714285714, 1);	INSERT into pedido(id,fecha_orden, id_producto, cantidad, id_cliente) values (199,'11/01/2009',9,26293.6285714286, 1);	INSERT into pedido(id,fecha_orden, id_producto, cantidad, id_cliente) values (230,'11/01/2009',10,36775.0285714286, 1);	INSERT into pedido(id,fecha_orden, id_producto, cantidad, id_cliente) values (261,'11/01/2009',11,30374.7428571429, 1);	INSERT into pedido(id,fecha_orden, id_producto, cantidad, id_cliente) values (292,'11/01/2009',7,9548.44285714286, 1);	INSERT into pedido(id,fecha_orden, id_producto, cantidad, id_cliente) values (323,'11/01/2009',6,31478.6571428571, 1);
INSERT into pedido(id,fecha_orden, id_producto, cantidad, id_cliente) values (12,'12/01/2009',1,1450.8, 1);	INSERT into pedido(id,fecha_orden, id_producto, cantidad, id_cliente) values (43,'12/01/2009',2,32232.6428571429, 1);	INSERT into pedido(id,fecha_orden, id_producto, cantidad, id_cliente) values (74,'12/01/2009',3,9570.08571428571, 1);	INSERT into pedido(id,fecha_orden, id_producto, cantidad, id_cliente) values (105,'12/01/2009',4,99905.4, 1);	INSERT into pedido(id,fecha_orden, id_producto, cantidad, id_cliente) values (136,'12/01/2009',5,8298.08571428571, 1);	INSERT into pedido(id,fecha_orden, id_producto, cantidad, id_cliente) values (167,'12/01/2009',8,7119.25714285714, 1);	INSERT into pedido(id,fecha_orden, id_producto, cantidad, id_cliente) values (200,'12/01/2009',9,26293.6285714286, 1);	INSERT into pedido(id,fecha_orden, id_producto, cantidad, id_cliente) values (231,'12/01/2009',10,36775.0285714286, 1);	INSERT into pedido(id,fecha_orden, id_producto, cantidad, id_cliente) values (262,'12/01/2009',11,30374.7428571429, 1);	INSERT into pedido(id,fecha_orden, id_producto, cantidad, id_cliente) values (293,'12/01/2009',7,9548.44285714286, 1);	INSERT into pedido(id,fecha_orden, id_producto, cantidad, id_cliente) values (324,'12/01/2009',6,31478.6571428571, 1);
INSERT into pedido(id,fecha_orden, id_producto, cantidad, id_cliente) values (13,'13/01/2009',1,1450.8, 1);	INSERT into pedido(id,fecha_orden, id_producto, cantidad, id_cliente) values (44,'13/01/2009',2,32232.6428571429, 1);	INSERT into pedido(id,fecha_orden, id_producto, cantidad, id_cliente) values (75,'13/01/2009',3,9570.08571428571, 1);	INSERT into pedido(id,fecha_orden, id_producto, cantidad, id_cliente) values (106,'13/01/2009',4,99905.4, 1);	INSERT into pedido(id,fecha_orden, id_producto, cantidad, id_cliente) values (137,'13/01/2009',5,8298.08571428571, 1);	INSERT into pedido(id,fecha_orden, id_producto, cantidad, id_cliente) values (168,'13/01/2009',8,7119.25714285714, 1);	INSERT into pedido(id,fecha_orden, id_producto, cantidad, id_cliente) values (201,'13/01/2009',9,26293.6285714286, 1);	INSERT into pedido(id,fecha_orden, id_producto, cantidad, id_cliente) values (232,'13/01/2009',10,36775.0285714286, 1);	INSERT into pedido(id,fecha_orden, id_producto, cantidad, id_cliente) values (263,'13/01/2009',11,30374.7428571429, 1);	INSERT into pedido(id,fecha_orden, id_producto, cantidad, id_cliente) values (294,'13/01/2009',7,9548.44285714286, 1);	INSERT into pedido(id,fecha_orden, id_producto, cantidad, id_cliente) values (325,'13/01/2009',6,31478.6571428571, 1);
INSERT into pedido(id,fecha_orden, id_producto, cantidad, id_cliente) values (14,'14/01/2009',1,1450.8, 1);	INSERT into pedido(id,fecha_orden, id_producto, cantidad, id_cliente) values (45,'14/01/2009',2,32232.6428571429, 1);	INSERT into pedido(id,fecha_orden, id_producto, cantidad, id_cliente) values (76,'14/01/2009',3,9570.08571428571, 1);	INSERT into pedido(id,fecha_orden, id_producto, cantidad, id_cliente) values (107,'14/01/2009',4,99905.4, 1);	INSERT into pedido(id,fecha_orden, id_producto, cantidad, id_cliente) values (138,'14/01/2009',5,8298.08571428571, 1);	INSERT into pedido(id,fecha_orden, id_producto, cantidad, id_cliente) values (169,'14/01/2009',8,7119.25714285714, 1);	INSERT into pedido(id,fecha_orden, id_producto, cantidad, id_cliente) values (202,'14/01/2009',9,26293.6285714286, 1);	INSERT into pedido(id,fecha_orden, id_producto, cantidad, id_cliente) values (233,'14/01/2009',10,36775.0285714286, 1);	INSERT into pedido(id,fecha_orden, id_producto, cantidad, id_cliente) values (264,'14/01/2009',11,30374.7428571429, 1);	INSERT into pedido(id,fecha_orden, id_producto, cantidad, id_cliente) values (295,'14/01/2009',7,9548.44285714286, 1);	INSERT into pedido(id,fecha_orden, id_producto, cantidad, id_cliente) values (326,'14/01/2009',6,31478.6571428571, 1);
INSERT into pedido(id,fecha_orden, id_producto, cantidad, id_cliente) values (15,'15/01/2009',1,725.4, 2);	INSERT into pedido(id,fecha_orden, id_producto, cantidad, id_cliente) values (46,'15/01/2009',2,16116.3214285714, 2);	INSERT into pedido(id,fecha_orden, id_producto, cantidad, id_cliente) values (77,'15/01/2009',3,4785.04285714286, 2);	INSERT into pedido(id,fecha_orden, id_producto, cantidad, id_cliente) values (108,'15/01/2009',4,49952.7, 2);	INSERT into pedido(id,fecha_orden, id_producto, cantidad, id_cliente) values (139,'15/01/2009',5,4149.04285714286, 2);	INSERT into pedido(id,fecha_orden, id_producto, cantidad, id_cliente) values (170,'15/01/2009',8,3559.62857142857, 2);	INSERT into pedido(id,fecha_orden, id_producto, cantidad, id_cliente) values (203,'15/01/2009',9,13146.8142857143, 2);	INSERT into pedido(id,fecha_orden, id_producto, cantidad, id_cliente) values (234,'15/01/2009',10,18387.5142857143, 2);	INSERT into pedido(id,fecha_orden, id_producto, cantidad, id_cliente) values (265,'15/01/2009',11,15187.3714285714, 2);	INSERT into pedido(id,fecha_orden, id_producto, cantidad, id_cliente) values (296,'15/01/2009',7,4774.22142857143, 2);	INSERT into pedido(id,fecha_orden, id_producto, cantidad, id_cliente) values (327,'15/01/2009',6,15739.3285714286, 2);
INSERT into pedido(id,fecha_orden, id_producto, cantidad, id_cliente) values (16,'16/01/2009',1,725.4, 2);	INSERT into pedido(id,fecha_orden, id_producto, cantidad, id_cliente) values (47,'16/01/2009',2,16116.3214285714, 2);	INSERT into pedido(id,fecha_orden, id_producto, cantidad, id_cliente) values (78,'16/01/2009',3,4785.04285714286, 2);	INSERT into pedido(id,fecha_orden, id_producto, cantidad, id_cliente) values (109,'16/01/2009',4,49952.7, 2);	INSERT into pedido(id,fecha_orden, id_producto, cantidad, id_cliente) values (140,'16/01/2009',5,4149.04285714286, 2);	INSERT into pedido(id,fecha_orden, id_producto, cantidad, id_cliente) values (171,'16/01/2009',8,3559.62857142857, 2);	INSERT into pedido(id,fecha_orden, id_producto, cantidad, id_cliente) values (204,'16/01/2009',9,13146.8142857143, 2);	INSERT into pedido(id,fecha_orden, id_producto, cantidad, id_cliente) values (235,'16/01/2009',10,18387.5142857143, 2);	INSERT into pedido(id,fecha_orden, id_producto, cantidad, id_cliente) values (266,'16/01/2009',11,15187.3714285714, 2);	INSERT into pedido(id,fecha_orden, id_producto, cantidad, id_cliente) values (297,'16/01/2009',7,4774.22142857143, 2);	INSERT into pedido(id,fecha_orden, id_producto, cantidad, id_cliente) values (328,'16/01/2009',6,15739.3285714286, 2);
INSERT into pedido(id,fecha_orden, id_producto, cantidad, id_cliente) values (17,'17/01/2009',1,725.4, 2);	INSERT into pedido(id,fecha_orden, id_producto, cantidad, id_cliente) values (48,'17/01/2009',2,16116.3214285714, 2);	INSERT into pedido(id,fecha_orden, id_producto, cantidad, id_cliente) values (79,'17/01/2009',3,4785.04285714286, 2);	INSERT into pedido(id,fecha_orden, id_producto, cantidad, id_cliente) values (110,'17/01/2009',4,49952.7, 2);	INSERT into pedido(id,fecha_orden, id_producto, cantidad, id_cliente) values (141,'17/01/2009',5,4149.04285714286, 2);	INSERT into pedido(id,fecha_orden, id_producto, cantidad, id_cliente) values (172,'17/01/2009',8,3559.62857142857, 2);	INSERT into pedido(id,fecha_orden, id_producto, cantidad, id_cliente) values (205,'17/01/2009',9,13146.8142857143, 2);	INSERT into pedido(id,fecha_orden, id_producto, cantidad, id_cliente) values (236,'17/01/2009',10,18387.5142857143, 2);	INSERT into pedido(id,fecha_orden, id_producto, cantidad, id_cliente) values (267,'17/01/2009',11,15187.3714285714, 2);	INSERT into pedido(id,fecha_orden, id_producto, cantidad, id_cliente) values (298,'17/01/2009',7,4774.22142857143, 2);	INSERT into pedido(id,fecha_orden, id_producto, cantidad, id_cliente) values (329,'17/01/2009',6,15739.3285714286, 2);
INSERT into pedido(id,fecha_orden, id_producto, cantidad, id_cliente) values (18,'18/01/2009',1,725.4, 2);	INSERT into pedido(id,fecha_orden, id_producto, cantidad, id_cliente) values (49,'18/01/2009',2,16116.3214285714, 2);	INSERT into pedido(id,fecha_orden, id_producto, cantidad, id_cliente) values (80,'18/01/2009',3,4785.04285714286, 2);	INSERT into pedido(id,fecha_orden, id_producto, cantidad, id_cliente) values (111,'18/01/2009',4,49952.7, 2);	INSERT into pedido(id,fecha_orden, id_producto, cantidad, id_cliente) values (142,'18/01/2009',5,4149.04285714286, 2);	INSERT into pedido(id,fecha_orden, id_producto, cantidad, id_cliente) values (173,'18/01/2009',8,3559.62857142857, 2);	INSERT into pedido(id,fecha_orden, id_producto, cantidad, id_cliente) values (206,'18/01/2009',9,13146.8142857143, 2);	INSERT into pedido(id,fecha_orden, id_producto, cantidad, id_cliente) values (237,'18/01/2009',10,18387.5142857143, 2);	INSERT into pedido(id,fecha_orden, id_producto, cantidad, id_cliente) values (268,'18/01/2009',11,15187.3714285714, 2);	INSERT into pedido(id,fecha_orden, id_producto, cantidad, id_cliente) values (299,'18/01/2009',7,4774.22142857143, 2);	INSERT into pedido(id,fecha_orden, id_producto, cantidad, id_cliente) values (330,'18/01/2009',6,15739.3285714286, 2);
INSERT into pedido(id,fecha_orden, id_producto, cantidad, id_cliente) values (19,'19/01/2009',1,725.4, 2);	INSERT into pedido(id,fecha_orden, id_producto, cantidad, id_cliente) values (50,'19/01/2009',2,16116.3214285714, 2);	INSERT into pedido(id,fecha_orden, id_producto, cantidad, id_cliente) values (81,'19/01/2009',3,4785.04285714286, 2);	INSERT into pedido(id,fecha_orden, id_producto, cantidad, id_cliente) values (112,'19/01/2009',4,49952.7, 2);	INSERT into pedido(id,fecha_orden, id_producto, cantidad, id_cliente) values (143,'19/01/2009',5,4149.04285714286, 2);	INSERT into pedido(id,fecha_orden, id_producto, cantidad, id_cliente) values (174,'19/01/2009',8,3559.62857142857, 2);	INSERT into pedido(id,fecha_orden, id_producto, cantidad, id_cliente) values (207,'19/01/2009',9,13146.8142857143, 2);	INSERT into pedido(id,fecha_orden, id_producto, cantidad, id_cliente) values (238,'19/01/2009',10,18387.5142857143, 2);	INSERT into pedido(id,fecha_orden, id_producto, cantidad, id_cliente) values (269,'19/01/2009',11,15187.3714285714, 2);	INSERT into pedido(id,fecha_orden, id_producto, cantidad, id_cliente) values (300,'19/01/2009',7,4774.22142857143, 2);	INSERT into pedido(id,fecha_orden, id_producto, cantidad, id_cliente) values (331,'19/01/2009',6,15739.3285714286, 2);
INSERT into pedido(id,fecha_orden, id_producto, cantidad, id_cliente) values (20,'20/01/2009',1,725.4, 2);	INSERT into pedido(id,fecha_orden, id_producto, cantidad, id_cliente) values (51,'20/01/2009',2,16116.3214285714, 2);	INSERT into pedido(id,fecha_orden, id_producto, cantidad, id_cliente) values (82,'20/01/2009',3,4785.04285714286, 2);	INSERT into pedido(id,fecha_orden, id_producto, cantidad, id_cliente) values (113,'20/01/2009',4,49952.7, 2);	INSERT into pedido(id,fecha_orden, id_producto, cantidad, id_cliente) values (144,'20/01/2009',5,4149.04285714286, 2);	INSERT into pedido(id,fecha_orden, id_producto, cantidad, id_cliente) values (175,'20/01/2009',8,3559.62857142857, 2);	INSERT into pedido(id,fecha_orden, id_producto, cantidad, id_cliente) values (208,'20/01/2009',9,13146.8142857143, 2);	INSERT into pedido(id,fecha_orden, id_producto, cantidad, id_cliente) values (239,'20/01/2009',10,18387.5142857143, 2);	INSERT into pedido(id,fecha_orden, id_producto, cantidad, id_cliente) values (270,'20/01/2009',11,15187.3714285714, 2);	INSERT into pedido(id,fecha_orden, id_producto, cantidad, id_cliente) values (301,'20/01/2009',7,4774.22142857143, 2);	INSERT into pedido(id,fecha_orden, id_producto, cantidad, id_cliente) values (332,'20/01/2009',6,15739.3285714286, 2);
INSERT into pedido(id,fecha_orden, id_producto, cantidad, id_cliente) values (21,'21/01/2009',1,725.4, 2);	INSERT into pedido(id,fecha_orden, id_producto, cantidad, id_cliente) values (52,'21/01/2009',2,16116.3214285714, 2);	INSERT into pedido(id,fecha_orden, id_producto, cantidad, id_cliente) values (83,'21/01/2009',3,4785.04285714286, 2);	INSERT into pedido(id,fecha_orden, id_producto, cantidad, id_cliente) values (114,'21/01/2009',4,49952.7, 2);	INSERT into pedido(id,fecha_orden, id_producto, cantidad, id_cliente) values (145,'21/01/2009',5,4149.04285714286, 2);	INSERT into pedido(id,fecha_orden, id_producto, cantidad, id_cliente) values (176,'21/01/2009',8,3559.62857142857, 2);	INSERT into pedido(id,fecha_orden, id_producto, cantidad, id_cliente) values (209,'21/01/2009',9,13146.8142857143, 2);	INSERT into pedido(id,fecha_orden, id_producto, cantidad, id_cliente) values (240,'21/01/2009',10,18387.5142857143, 2);	INSERT into pedido(id,fecha_orden, id_producto, cantidad, id_cliente) values (271,'21/01/2009',11,15187.3714285714, 2);	INSERT into pedido(id,fecha_orden, id_producto, cantidad, id_cliente) values (302,'21/01/2009',7,4774.22142857143, 2);	INSERT into pedido(id,fecha_orden, id_producto, cantidad, id_cliente) values (333,'21/01/2009',6,15739.3285714286, 2);
INSERT into pedido(id,fecha_orden, id_producto, cantidad, id_cliente) values (22,'22/01/2009',1,338.52, 2);	INSERT into pedido(id,fecha_orden, id_producto, cantidad, id_cliente) values (53,'22/01/2009',2,7520.95, 2);	INSERT into pedido(id,fecha_orden, id_producto, cantidad, id_cliente) values (84,'22/01/2009',3,2233.02, 2);	INSERT into pedido(id,fecha_orden, id_producto, cantidad, id_cliente) values (115,'22/01/2009',4,23311.26, 2);	INSERT into pedido(id,fecha_orden, id_producto, cantidad, id_cliente) values (146,'22/01/2009',5,1936.22, 2);	INSERT into pedido(id,fecha_orden, id_producto, cantidad, id_cliente) values (177,'22/01/2009',8,1661.16, 2);	INSERT into pedido(id,fecha_orden, id_producto, cantidad, id_cliente) values (210,'22/01/2009',9,6135.18, 2);	INSERT into pedido(id,fecha_orden, id_producto, cantidad, id_cliente) values (241,'22/01/2009',10,8580.84, 2);	INSERT into pedido(id,fecha_orden, id_producto, cantidad, id_cliente) values (272,'22/01/2009',11,7087.44, 2);	INSERT into pedido(id,fecha_orden, id_producto, cantidad, id_cliente) values (303,'22/01/2009',7,2227.97, 2);	INSERT into pedido(id,fecha_orden, id_producto, cantidad, id_cliente) values (334,'22/01/2009',6,7345.02, 2);
INSERT into pedido(id,fecha_orden, id_producto, cantidad, id_cliente) values (23,'23/01/2009',1,338.52, 2);	INSERT into pedido(id,fecha_orden, id_producto, cantidad, id_cliente) values (54,'23/01/2009',2,7520.95, 2);	INSERT into pedido(id,fecha_orden, id_producto, cantidad, id_cliente) values (85,'23/01/2009',3,2233.02, 2);	INSERT into pedido(id,fecha_orden, id_producto, cantidad, id_cliente) values (116,'23/01/2009',4,23311.26, 2);	INSERT into pedido(id,fecha_orden, id_producto, cantidad, id_cliente) values (147,'23/01/2009',5,1936.22, 2);	INSERT into pedido(id,fecha_orden, id_producto, cantidad, id_cliente) values (178,'23/01/2009',8,1661.16, 2);	INSERT into pedido(id,fecha_orden, id_producto, cantidad, id_cliente) values (211,'23/01/2009',9,6135.18, 2);	INSERT into pedido(id,fecha_orden, id_producto, cantidad, id_cliente) values (242,'23/01/2009',10,8580.84, 2);	INSERT into pedido(id,fecha_orden, id_producto, cantidad, id_cliente) values (273,'23/01/2009',11,7087.44, 2);	INSERT into pedido(id,fecha_orden, id_producto, cantidad, id_cliente) values (304,'23/01/2009',7,2227.97, 2);	INSERT into pedido(id,fecha_orden, id_producto, cantidad, id_cliente) values (335,'23/01/2009',6,7345.02, 2);
INSERT into pedido(id,fecha_orden, id_producto, cantidad, id_cliente) values (24,'24/01/2009',1,338.52, 2);	INSERT into pedido(id,fecha_orden, id_producto, cantidad, id_cliente) values (55,'24/01/2009',2,7520.95, 2);	INSERT into pedido(id,fecha_orden, id_producto, cantidad, id_cliente) values (86,'24/01/2009',3,2233.02, 2);	INSERT into pedido(id,fecha_orden, id_producto, cantidad, id_cliente) values (117,'24/01/2009',4,23311.26, 2);	INSERT into pedido(id,fecha_orden, id_producto, cantidad, id_cliente) values (148,'24/01/2009',5,1936.22, 2);	INSERT into pedido(id,fecha_orden, id_producto, cantidad, id_cliente) values (179,'24/01/2009',8,1661.16, 2);	INSERT into pedido(id,fecha_orden, id_producto, cantidad, id_cliente) values (212,'24/01/2009',9,6135.18, 2);	INSERT into pedido(id,fecha_orden, id_producto, cantidad, id_cliente) values (243,'24/01/2009',10,8580.84, 2);	INSERT into pedido(id,fecha_orden, id_producto, cantidad, id_cliente) values (274,'24/01/2009',11,7087.44, 2);	INSERT into pedido(id,fecha_orden, id_producto, cantidad, id_cliente) values (305,'24/01/2009',7,2227.97, 2);	INSERT into pedido(id,fecha_orden, id_producto, cantidad, id_cliente) values (336,'24/01/2009',6,7345.02, 2);
INSERT into pedido(id,fecha_orden, id_producto, cantidad, id_cliente) values (25,'25/01/2009',1,338.52, 3);	INSERT into pedido(id,fecha_orden, id_producto, cantidad, id_cliente) values (56,'25/01/2009',2,7520.95, 3);	INSERT into pedido(id,fecha_orden, id_producto, cantidad, id_cliente) values (87,'25/01/2009',3,2233.02, 3);	INSERT into pedido(id,fecha_orden, id_producto, cantidad, id_cliente) values (118,'25/01/2009',4,23311.26, 3);	INSERT into pedido(id,fecha_orden, id_producto, cantidad, id_cliente) values (149,'25/01/2009',5,1936.22, 3);	INSERT into pedido(id,fecha_orden, id_producto, cantidad, id_cliente) values (180,'25/01/2009',8,1661.16, 3);	INSERT into pedido(id,fecha_orden, id_producto, cantidad, id_cliente) values (213,'25/01/2009',9,6135.18, 3);	INSERT into pedido(id,fecha_orden, id_producto, cantidad, id_cliente) values (244,'25/01/2009',10,8580.84, 3);	INSERT into pedido(id,fecha_orden, id_producto, cantidad, id_cliente) values (275,'25/01/2009',11,7087.44, 3);	INSERT into pedido(id,fecha_orden, id_producto, cantidad, id_cliente) values (306,'25/01/2009',7,2227.97, 3);	INSERT into pedido(id,fecha_orden, id_producto, cantidad, id_cliente) values (337,'25/01/2009',6,7345.02, 3);
INSERT into pedido(id,fecha_orden, id_producto, cantidad, id_cliente) values (26,'26/01/2009',1,338.52, 3);	INSERT into pedido(id,fecha_orden, id_producto, cantidad, id_cliente) values (57,'26/01/2009',2,7520.95, 3);	INSERT into pedido(id,fecha_orden, id_producto, cantidad, id_cliente) values (88,'26/01/2009',3,2233.02, 3);	INSERT into pedido(id,fecha_orden, id_producto, cantidad, id_cliente) values (119,'26/01/2009',4,23311.26, 3);	INSERT into pedido(id,fecha_orden, id_producto, cantidad, id_cliente) values (150,'26/01/2009',5,1936.22, 3);	INSERT into pedido(id,fecha_orden, id_producto, cantidad, id_cliente) values (181,'26/01/2009',8,1661.16, 3);	INSERT into pedido(id,fecha_orden, id_producto, cantidad, id_cliente) values (214,'26/01/2009',9,6135.18, 3);	INSERT into pedido(id,fecha_orden, id_producto, cantidad, id_cliente) values (245,'26/01/2009',10,8580.84, 3);	INSERT into pedido(id,fecha_orden, id_producto, cantidad, id_cliente) values (276,'26/01/2009',11,7087.44, 3);	INSERT into pedido(id,fecha_orden, id_producto, cantidad, id_cliente) values (307,'26/01/2009',7,2227.97, 3);	INSERT into pedido(id,fecha_orden, id_producto, cantidad, id_cliente) values (338,'26/01/2009',6,7345.02, 3);
INSERT into pedido(id,fecha_orden, id_producto, cantidad, id_cliente) values (27,'27/01/2009',1,338.52, 3);	INSERT into pedido(id,fecha_orden, id_producto, cantidad, id_cliente) values (58,'27/01/2009',2,7520.95, 3);	INSERT into pedido(id,fecha_orden, id_producto, cantidad, id_cliente) values (89,'27/01/2009',3,2233.02, 3);	INSERT into pedido(id,fecha_orden, id_producto, cantidad, id_cliente) values (120,'27/01/2009',4,23311.26, 3);	INSERT into pedido(id,fecha_orden, id_producto, cantidad, id_cliente) values (151,'27/01/2009',5,1936.22, 3);	INSERT into pedido(id,fecha_orden, id_producto, cantidad, id_cliente) values (182,'27/01/2009',8,1661.16, 3);	INSERT into pedido(id,fecha_orden, id_producto, cantidad, id_cliente) values (215,'27/01/2009',9,6135.18, 3);	INSERT into pedido(id,fecha_orden, id_producto, cantidad, id_cliente) values (246,'27/01/2009',10,8580.84, 3);	INSERT into pedido(id,fecha_orden, id_producto, cantidad, id_cliente) values (277,'27/01/2009',11,7087.44, 3);	INSERT into pedido(id,fecha_orden, id_producto, cantidad, id_cliente) values (308,'27/01/2009',7,2227.97, 3);	INSERT into pedido(id,fecha_orden, id_producto, cantidad, id_cliente) values (339,'27/01/2009',6,7345.02, 3);
INSERT into pedido(id,fecha_orden, id_producto, cantidad, id_cliente) values (28,'28/01/2009',1,338.52, 3);	INSERT into pedido(id,fecha_orden, id_producto, cantidad, id_cliente) values (59,'28/01/2009',2,7520.95, 3);	INSERT into pedido(id,fecha_orden, id_producto, cantidad, id_cliente) values (90,'28/01/2009',3,2233.02, 3);	INSERT into pedido(id,fecha_orden, id_producto, cantidad, id_cliente) values (121,'28/01/2009',4,23311.26, 3);	INSERT into pedido(id,fecha_orden, id_producto, cantidad, id_cliente) values (152,'28/01/2009',5,1936.22, 3);	INSERT into pedido(id,fecha_orden, id_producto, cantidad, id_cliente) values (183,'28/01/2009',8,1661.16, 3);	INSERT into pedido(id,fecha_orden, id_producto, cantidad, id_cliente) values (216,'28/01/2009',9,6135.18, 3);	INSERT into pedido(id,fecha_orden, id_producto, cantidad, id_cliente) values (247,'28/01/2009',10,8580.84, 3);	INSERT into pedido(id,fecha_orden, id_producto, cantidad, id_cliente) values (278,'28/01/2009',11,7087.44, 3);	INSERT into pedido(id,fecha_orden, id_producto, cantidad, id_cliente) values (309,'28/01/2009',7,2227.97, 3);	INSERT into pedido(id,fecha_orden, id_producto, cantidad, id_cliente) values (340,'28/01/2009',6,7345.02, 3);
INSERT into pedido(id,fecha_orden, id_producto, cantidad, id_cliente) values (29,'29/01/2009',1,338.52, 3);	INSERT into pedido(id,fecha_orden, id_producto, cantidad, id_cliente) values (60,'29/01/2009',2,7520.95, 3);	INSERT into pedido(id,fecha_orden, id_producto, cantidad, id_cliente) values (91,'29/01/2009',3,2233.02, 3);	INSERT into pedido(id,fecha_orden, id_producto, cantidad, id_cliente) values (122,'29/01/2009',4,23311.26, 3);	INSERT into pedido(id,fecha_orden, id_producto, cantidad, id_cliente) values (153,'29/01/2009',5,1936.22, 3);	INSERT into pedido(id,fecha_orden, id_producto, cantidad, id_cliente) values (184,'29/01/2009',8,1661.16, 3);	INSERT into pedido(id,fecha_orden, id_producto, cantidad, id_cliente) values (217,'29/01/2009',9,6135.18, 3);	INSERT into pedido(id,fecha_orden, id_producto, cantidad, id_cliente) values (248,'29/01/2009',10,8580.84, 3);	INSERT into pedido(id,fecha_orden, id_producto, cantidad, id_cliente) values (279,'29/01/2009',11,7087.44, 3);	INSERT into pedido(id,fecha_orden, id_producto, cantidad, id_cliente) values (310,'29/01/2009',7,2227.97, 3);	INSERT into pedido(id,fecha_orden, id_producto, cantidad, id_cliente) values (341,'29/01/2009',6,7345.02, 3);
INSERT into pedido(id,fecha_orden, id_producto, cantidad, id_cliente) values (30,'30/01/2009',1,338.52, 3);	INSERT into pedido(id,fecha_orden, id_producto, cantidad, id_cliente) values (61,'30/01/2009',2,7520.95, 3);	INSERT into pedido(id,fecha_orden, id_producto, cantidad, id_cliente) values (92,'30/01/2009',3,2233.02, 3);	INSERT into pedido(id,fecha_orden, id_producto, cantidad, id_cliente) values (123,'30/01/2009',4,23311.26, 3);	INSERT into pedido(id,fecha_orden, id_producto, cantidad, id_cliente) values (154,'30/01/2009',5,1936.22, 3);	INSERT into pedido(id,fecha_orden, id_producto, cantidad, id_cliente) values (185,'30/01/2009',8,1661.16, 3);	INSERT into pedido(id,fecha_orden, id_producto, cantidad, id_cliente) values (218,'30/01/2009',9,6135.18, 3);	INSERT into pedido(id,fecha_orden, id_producto, cantidad, id_cliente) values (249,'30/01/2009',10,8580.84, 3);	INSERT into pedido(id,fecha_orden, id_producto, cantidad, id_cliente) values (280,'30/01/2009',11,7087.44, 3);	INSERT into pedido(id,fecha_orden, id_producto, cantidad, id_cliente) values (311,'30/01/2009',7,2227.97, 3);	INSERT into pedido(id,fecha_orden, id_producto, cantidad, id_cliente) values (342,'30/01/2009',6,7345.02, 3);
INSERT into pedido(id,fecha_orden, id_producto, cantidad, id_cliente) values (31,'31/01/2009',1,338.52, 3);	INSERT into pedido(id,fecha_orden, id_producto, cantidad, id_cliente) values (62,'31/01/2009',2,7520.95, 3);	INSERT into pedido(id,fecha_orden, id_producto, cantidad, id_cliente) values (93,'31/01/2009',3,2233.02, 3);	INSERT into pedido(id,fecha_orden, id_producto, cantidad, id_cliente) values (124,'31/01/2009',4,23311.26, 3);	INSERT into pedido(id,fecha_orden, id_producto, cantidad, id_cliente) values (155,'31/01/2009',5,1936.22, 3);	INSERT into pedido(id,fecha_orden, id_producto, cantidad, id_cliente) values (186,'31/01/2009',8,1661.16, 3);	INSERT into pedido(id,fecha_orden, id_producto, cantidad, id_cliente) values (219,'31/01/2009',9,6135.18, 3);	INSERT into pedido(id,fecha_orden, id_producto, cantidad, id_cliente) values (250,'31/01/2009',10,8580.84, 3);	INSERT into pedido(id,fecha_orden, id_producto, cantidad, id_cliente) values (281,'31/01/2009',11,7087.44, 3);	INSERT into pedido(id,fecha_orden, id_producto, cantidad, id_cliente) values (312,'31/01/2009',7,2227.97, 3);	INSERT into pedido(id,fecha_orden, id_producto, cantidad, id_cliente) values (343,'31/01/2009',6,7345.02, 3);

--linea
INSERT into linea(id, nombre) values (1, 'Linea1_agua');
INSERT into linea(id, nombre) values (2, 'Linea2_agua');
INSERT into linea(id, nombre) values (3, 'Linea3_agua');
INSERT into linea(id, nombre) values (4, 'Linea1_gaseosa');
INSERT into linea(id, nombre) values (5, 'Linea2_gaseosa');

--tasa produccion
INSERT into tasa_produccion(id,id_producto,id_linea,botellas_hora) values (1,1,1,240000);
INSERT into tasa_produccion(id,id_producto,id_linea,botellas_hora) values (2,1,4,192000);
INSERT into tasa_produccion(id,id_producto,id_linea,botellas_hora) values (3,1,5,48000);
INSERT into tasa_produccion(id,id_producto,id_linea,botellas_hora) values (4,2,1,240000);
INSERT into tasa_produccion(id,id_producto,id_linea,botellas_hora) values (5,3,4,180000);
INSERT into tasa_produccion(id,id_producto,id_linea,botellas_hora) values (6,3,5,36000);
INSERT into tasa_produccion(id,id_producto,id_linea,botellas_hora) values (7,4,1,230400);
INSERT into tasa_produccion(id,id_producto,id_linea,botellas_hora) values (8,5,3,13920);
INSERT into tasa_produccion(id,id_producto,id_linea,botellas_hora) values (9,6,2,64800);
INSERT into tasa_produccion(id,id_producto,id_linea,botellas_hora) values (10,7,4,54000);
INSERT into tasa_produccion(id,id_producto,id_linea,botellas_hora) values (11,8,4,192000);
INSERT into tasa_produccion(id,id_producto,id_linea,botellas_hora) values (12,8,5,48000);
INSERT into tasa_produccion(id,id_producto,id_linea,botellas_hora) values (13,9,4,180000);
INSERT into tasa_produccion(id,id_producto,id_linea,botellas_hora) values (14,9,5,36000);
INSERT into tasa_produccion(id,id_producto,id_linea,botellas_hora) values (15,10,4,54000);
INSERT into tasa_produccion(id,id_producto,id_linea,botellas_hora) values (16,11,4,192000);
INSERT into tasa_produccion(id,id_producto,id_linea,botellas_hora) values (17,11,5,48000);


--inventario
INSERT INTO inventario(id, cantidad, id_producto) VALUES (1, 0, 1);
INSERT INTO inventario(id, cantidad, id_producto) VALUES (2, 0, 2);
INSERT INTO inventario(id, cantidad, id_producto) VALUES (3, 0, 3);
INSERT INTO inventario(id, cantidad, id_producto) VALUES (4, 0, 4);
INSERT INTO inventario(id, cantidad, id_producto) VALUES (5, 0, 5);
INSERT INTO inventario(id, cantidad, id_producto) VALUES (6, 0, 6);
INSERT INTO inventario(id, cantidad, id_producto) VALUES (7, 0, 7);
INSERT INTO inventario(id, cantidad, id_producto) VALUES (8, 0, 8);
INSERT INTO inventario(id, cantidad, id_producto) VALUES (9, 0, 9);
INSERT INTO inventario(id, cantidad, id_producto) VALUES (10, 0, 10);
INSERT INTO inventario(id, cantidad, id_producto) VALUES (11, 0, 11);

