--producto 
INSERT INTO producto(id, nombre, cc, lote_minimo, utilidad)
VALUES (1, 'Agua Chica', '500', '1000', '1.0');
INSERT INTO producto(id, nombre, cc, lote_minimo, utilidad)
VALUES (2, 'Agua 600', '600', '1000', '1.0');
INSERT INTO producto(id, nombre, cc, lote_minimo, utilidad)
VALUES (3, 'Agua Lt. y 1/2', '1500', '1000', '1.0');
INSERT INTO producto(id, nombre, cc, lote_minimo, utilidad)
VALUES (4, 'Agua Grande', '2000', '1000', '1.0');
INSERT INTO producto(id, nombre, cc, lote_minimo, utilidad)
VALUES (5, 'Agua Bidon', '5000', '1000', '1.0');
INSERT INTO producto(id, nombre, cc, lote_minimo, utilidad)
VALUES (6, 'Soda Sifon', '2000', '1000', '1.0');
INSERT INTO producto(id, nombre, cc, lote_minimo, utilidad)
VALUES (7, 'Soda Botella', '2250', '1000', '1.0');
INSERT INTO producto(id, nombre, cc, lote_minimo, utilidad)
VALUES (8, 'Saborizada Chica', '500', '1000', '1.0');
INSERT INTO producto(id, nombre, cc, lote_minimo, utilidad)
VALUES (9, 'Saborizada Grande', '1500', '1000', '1.0');
INSERT INTO producto(id, nombre, cc, lote_minimo, utilidad)
VALUES (10, 'Gaseosa Sport', '2250', '1000', '1.0');
INSERT INTO producto(id, nombre, cc, lote_minimo, utilidad)
VALUES (11, 'Gaseosa Plena', '500', '1000', '1.0');

--pedido
INSERT into pedido(id,fecha_orden, id_producto, cantidad) values (1,'01/01/2009',1,2176.2);	INSERT into pedido(id,fecha_orden, id_producto, cantidad) values (32,'01/01/2009',2,48348.9642857143);	INSERT into pedido(id,fecha_orden, id_producto, cantidad) values (63,'01/01/2009',3,14355.1285714286);	INSERT into pedido(id,fecha_orden, id_producto, cantidad) values (94,'01/01/2009',4,149858.1);	INSERT into pedido(id,fecha_orden, id_producto, cantidad) values (125,'01/01/2009',5,12447.1285714286);	INSERT into pedido(id,fecha_orden, id_producto, cantidad) values (156,'01/01/2009',8,10678.8857142857);	INSERT into pedido(id,fecha_orden, id_producto, cantidad) values (189,'01/01/2009',9,39440.4428571429);	INSERT into pedido(id,fecha_orden, id_producto, cantidad) values (220,'01/01/2009',10,55162.5428571429);	INSERT into pedido(id,fecha_orden, id_producto, cantidad) values (251,'01/01/2009',11,45562.1142857143);	INSERT into pedido(id,fecha_orden, id_producto, cantidad) values (282,'01/01/2009',7,14322.6642857143);	INSERT into pedido(id,fecha_orden, id_producto, cantidad) values (313,'01/01/2009',6,47217.9857142857);
INSERT into pedido(id,fecha_orden, id_producto, cantidad) values (2,'02/01/2009',1,2176.2);	INSERT into pedido(id,fecha_orden, id_producto, cantidad) values (33,'02/01/2009',2,48348.9642857143);	INSERT into pedido(id,fecha_orden, id_producto, cantidad) values (64,'02/01/2009',3,14355.1285714286);	INSERT into pedido(id,fecha_orden, id_producto, cantidad) values (95,'02/01/2009',4,149858.1);	INSERT into pedido(id,fecha_orden, id_producto, cantidad) values (126,'02/01/2009',5,12447.1285714286);	INSERT into pedido(id,fecha_orden, id_producto, cantidad) values (157,'02/01/2009',8,10678.8857142857);	INSERT into pedido(id,fecha_orden, id_producto, cantidad) values (190,'02/01/2009',9,39440.4428571429);	INSERT into pedido(id,fecha_orden, id_producto, cantidad) values (221,'02/01/2009',10,55162.5428571429);	INSERT into pedido(id,fecha_orden, id_producto, cantidad) values (252,'02/01/2009',11,45562.1142857143);	INSERT into pedido(id,fecha_orden, id_producto, cantidad) values (283,'02/01/2009',7,14322.6642857143);	INSERT into pedido(id,fecha_orden, id_producto, cantidad) values (314,'02/01/2009',6,47217.9857142857);
INSERT into pedido(id,fecha_orden, id_producto, cantidad) values (3,'03/01/2009',1,2176.2);	INSERT into pedido(id,fecha_orden, id_producto, cantidad) values (34,'03/01/2009',2,48348.9642857143);	INSERT into pedido(id,fecha_orden, id_producto, cantidad) values (65,'03/01/2009',3,14355.1285714286);	INSERT into pedido(id,fecha_orden, id_producto, cantidad) values (96,'03/01/2009',4,149858.1);	INSERT into pedido(id,fecha_orden, id_producto, cantidad) values (127,'03/01/2009',5,12447.1285714286);	INSERT into pedido(id,fecha_orden, id_producto, cantidad) values (158,'03/01/2009',8,10678.8857142857);	INSERT into pedido(id,fecha_orden, id_producto, cantidad) values (191,'03/01/2009',9,39440.4428571429);	INSERT into pedido(id,fecha_orden, id_producto, cantidad) values (222,'03/01/2009',10,55162.5428571429);	INSERT into pedido(id,fecha_orden, id_producto, cantidad) values (253,'03/01/2009',11,45562.1142857143);	INSERT into pedido(id,fecha_orden, id_producto, cantidad) values (284,'03/01/2009',7,14322.6642857143);	INSERT into pedido(id,fecha_orden, id_producto, cantidad) values (315,'03/01/2009',6,47217.9857142857);
INSERT into pedido(id,fecha_orden, id_producto, cantidad) values (4,'04/01/2009',1,2176.2);	INSERT into pedido(id,fecha_orden, id_producto, cantidad) values (35,'04/01/2009',2,48348.9642857143);	INSERT into pedido(id,fecha_orden, id_producto, cantidad) values (66,'04/01/2009',3,14355.1285714286);	INSERT into pedido(id,fecha_orden, id_producto, cantidad) values (97,'04/01/2009',4,149858.1);	INSERT into pedido(id,fecha_orden, id_producto, cantidad) values (128,'04/01/2009',5,12447.1285714286);	INSERT into pedido(id,fecha_orden, id_producto, cantidad) values (159,'04/01/2009',8,10678.8857142857);	INSERT into pedido(id,fecha_orden, id_producto, cantidad) values (192,'04/01/2009',9,39440.4428571429);	INSERT into pedido(id,fecha_orden, id_producto, cantidad) values (223,'04/01/2009',10,55162.5428571429);	INSERT into pedido(id,fecha_orden, id_producto, cantidad) values (254,'04/01/2009',11,45562.1142857143);	INSERT into pedido(id,fecha_orden, id_producto, cantidad) values (285,'04/01/2009',7,14322.6642857143);	INSERT into pedido(id,fecha_orden, id_producto, cantidad) values (316,'04/01/2009',6,47217.9857142857);
INSERT into pedido(id,fecha_orden, id_producto, cantidad) values (5,'05/01/2009',1,2176.2);	INSERT into pedido(id,fecha_orden, id_producto, cantidad) values (36,'05/01/2009',2,48348.9642857143);	INSERT into pedido(id,fecha_orden, id_producto, cantidad) values (67,'05/01/2009',3,14355.1285714286);	INSERT into pedido(id,fecha_orden, id_producto, cantidad) values (98,'05/01/2009',4,149858.1);	INSERT into pedido(id,fecha_orden, id_producto, cantidad) values (129,'05/01/2009',5,12447.1285714286);	INSERT into pedido(id,fecha_orden, id_producto, cantidad) values (160,'05/01/2009',8,10678.8857142857);	INSERT into pedido(id,fecha_orden, id_producto, cantidad) values (193,'05/01/2009',9,39440.4428571429);	INSERT into pedido(id,fecha_orden, id_producto, cantidad) values (224,'05/01/2009',10,55162.5428571429);	INSERT into pedido(id,fecha_orden, id_producto, cantidad) values (255,'05/01/2009',11,45562.1142857143);	INSERT into pedido(id,fecha_orden, id_producto, cantidad) values (286,'05/01/2009',7,14322.6642857143);	INSERT into pedido(id,fecha_orden, id_producto, cantidad) values (317,'05/01/2009',6,47217.9857142857);
INSERT into pedido(id,fecha_orden, id_producto, cantidad) values (6,'06/01/2009',1,2176.2);	INSERT into pedido(id,fecha_orden, id_producto, cantidad) values (37,'06/01/2009',2,48348.9642857143);	INSERT into pedido(id,fecha_orden, id_producto, cantidad) values (68,'06/01/2009',3,14355.1285714286);	INSERT into pedido(id,fecha_orden, id_producto, cantidad) values (99,'06/01/2009',4,149858.1);	INSERT into pedido(id,fecha_orden, id_producto, cantidad) values (130,'06/01/2009',5,12447.1285714286);	INSERT into pedido(id,fecha_orden, id_producto, cantidad) values (161,'06/01/2009',8,10678.8857142857);	INSERT into pedido(id,fecha_orden, id_producto, cantidad) values (194,'06/01/2009',9,39440.4428571429);	INSERT into pedido(id,fecha_orden, id_producto, cantidad) values (225,'06/01/2009',10,55162.5428571429);	INSERT into pedido(id,fecha_orden, id_producto, cantidad) values (256,'06/01/2009',11,45562.1142857143);	INSERT into pedido(id,fecha_orden, id_producto, cantidad) values (287,'06/01/2009',7,14322.6642857143);	INSERT into pedido(id,fecha_orden, id_producto, cantidad) values (318,'06/01/2009',6,47217.9857142857);
INSERT into pedido(id,fecha_orden, id_producto, cantidad) values (7,'07/01/2009',1,2176.2);	INSERT into pedido(id,fecha_orden, id_producto, cantidad) values (38,'07/01/2009',2,48348.9642857143);	INSERT into pedido(id,fecha_orden, id_producto, cantidad) values (69,'07/01/2009',3,14355.1285714286);	INSERT into pedido(id,fecha_orden, id_producto, cantidad) values (100,'07/01/2009',4,149858.1);	INSERT into pedido(id,fecha_orden, id_producto, cantidad) values (131,'07/01/2009',5,12447.1285714286);	INSERT into pedido(id,fecha_orden, id_producto, cantidad) values (162,'07/01/2009',8,10678.8857142857);	INSERT into pedido(id,fecha_orden, id_producto, cantidad) values (195,'07/01/2009',9,39440.4428571429);	INSERT into pedido(id,fecha_orden, id_producto, cantidad) values (226,'07/01/2009',10,55162.5428571429);	INSERT into pedido(id,fecha_orden, id_producto, cantidad) values (257,'07/01/2009',11,45562.1142857143);	INSERT into pedido(id,fecha_orden, id_producto, cantidad) values (288,'07/01/2009',7,14322.6642857143);	INSERT into pedido(id,fecha_orden, id_producto, cantidad) values (319,'07/01/2009',6,47217.9857142857);
INSERT into pedido(id,fecha_orden, id_producto, cantidad) values (8,'08/01/2009',1,1450.8);	INSERT into pedido(id,fecha_orden, id_producto, cantidad) values (39,'08/01/2009',2,32232.6428571429);	INSERT into pedido(id,fecha_orden, id_producto, cantidad) values (70,'08/01/2009',3,9570.08571428571);	INSERT into pedido(id,fecha_orden, id_producto, cantidad) values (101,'08/01/2009',4,99905.4);	INSERT into pedido(id,fecha_orden, id_producto, cantidad) values (132,'08/01/2009',5,8298.08571428571);	INSERT into pedido(id,fecha_orden, id_producto, cantidad) values (163,'08/01/2009',8,7119.25714285714);	INSERT into pedido(id,fecha_orden, id_producto, cantidad) values (196,'08/01/2009',9,26293.6285714286);	INSERT into pedido(id,fecha_orden, id_producto, cantidad) values (227,'08/01/2009',10,36775.0285714286);	INSERT into pedido(id,fecha_orden, id_producto, cantidad) values (258,'08/01/2009',11,30374.7428571429);	INSERT into pedido(id,fecha_orden, id_producto, cantidad) values (289,'08/01/2009',7,9548.44285714286);	INSERT into pedido(id,fecha_orden, id_producto, cantidad) values (320,'08/01/2009',6,31478.6571428571);
INSERT into pedido(id,fecha_orden, id_producto, cantidad) values (9,'09/01/2009',1,1450.8);	INSERT into pedido(id,fecha_orden, id_producto, cantidad) values (40,'09/01/2009',2,32232.6428571429);	INSERT into pedido(id,fecha_orden, id_producto, cantidad) values (71,'09/01/2009',3,9570.08571428571);	INSERT into pedido(id,fecha_orden, id_producto, cantidad) values (102,'09/01/2009',4,99905.4);	INSERT into pedido(id,fecha_orden, id_producto, cantidad) values (133,'09/01/2009',5,8298.08571428571);	INSERT into pedido(id,fecha_orden, id_producto, cantidad) values (164,'09/01/2009',8,7119.25714285714);	INSERT into pedido(id,fecha_orden, id_producto, cantidad) values (197,'09/01/2009',9,26293.6285714286);	INSERT into pedido(id,fecha_orden, id_producto, cantidad) values (228,'09/01/2009',10,36775.0285714286);	INSERT into pedido(id,fecha_orden, id_producto, cantidad) values (259,'09/01/2009',11,30374.7428571429);	INSERT into pedido(id,fecha_orden, id_producto, cantidad) values (290,'09/01/2009',7,9548.44285714286);	INSERT into pedido(id,fecha_orden, id_producto, cantidad) values (321,'09/01/2009',6,31478.6571428571);
INSERT into pedido(id,fecha_orden, id_producto, cantidad) values (10,'10/01/2009',1,1450.8);	INSERT into pedido(id,fecha_orden, id_producto, cantidad) values (41,'10/01/2009',2,32232.6428571429);	INSERT into pedido(id,fecha_orden, id_producto, cantidad) values (72,'10/01/2009',3,9570.08571428571);	INSERT into pedido(id,fecha_orden, id_producto, cantidad) values (103,'10/01/2009',4,99905.4);	INSERT into pedido(id,fecha_orden, id_producto, cantidad) values (134,'10/01/2009',5,8298.08571428571);	INSERT into pedido(id,fecha_orden, id_producto, cantidad) values (165,'10/01/2009',8,7119.25714285714);	INSERT into pedido(id,fecha_orden, id_producto, cantidad) values (198,'10/01/2009',9,26293.6285714286);	INSERT into pedido(id,fecha_orden, id_producto, cantidad) values (229,'10/01/2009',10,36775.0285714286);	INSERT into pedido(id,fecha_orden, id_producto, cantidad) values (260,'10/01/2009',11,30374.7428571429);	INSERT into pedido(id,fecha_orden, id_producto, cantidad) values (291,'10/01/2009',7,9548.44285714286);	INSERT into pedido(id,fecha_orden, id_producto, cantidad) values (322,'10/01/2009',6,31478.6571428571);
INSERT into pedido(id,fecha_orden, id_producto, cantidad) values (11,'11/01/2009',1,1450.8);	INSERT into pedido(id,fecha_orden, id_producto, cantidad) values (42,'11/01/2009',2,32232.6428571429);	INSERT into pedido(id,fecha_orden, id_producto, cantidad) values (73,'11/01/2009',3,9570.08571428571);	INSERT into pedido(id,fecha_orden, id_producto, cantidad) values (104,'11/01/2009',4,99905.4);	INSERT into pedido(id,fecha_orden, id_producto, cantidad) values (135,'11/01/2009',5,8298.08571428571);	INSERT into pedido(id,fecha_orden, id_producto, cantidad) values (166,'11/01/2009',8,7119.25714285714);	INSERT into pedido(id,fecha_orden, id_producto, cantidad) values (199,'11/01/2009',9,26293.6285714286);	INSERT into pedido(id,fecha_orden, id_producto, cantidad) values (230,'11/01/2009',10,36775.0285714286);	INSERT into pedido(id,fecha_orden, id_producto, cantidad) values (261,'11/01/2009',11,30374.7428571429);	INSERT into pedido(id,fecha_orden, id_producto, cantidad) values (292,'11/01/2009',7,9548.44285714286);	INSERT into pedido(id,fecha_orden, id_producto, cantidad) values (323,'11/01/2009',6,31478.6571428571);
INSERT into pedido(id,fecha_orden, id_producto, cantidad) values (12,'12/01/2009',1,1450.8);	INSERT into pedido(id,fecha_orden, id_producto, cantidad) values (43,'12/01/2009',2,32232.6428571429);	INSERT into pedido(id,fecha_orden, id_producto, cantidad) values (74,'12/01/2009',3,9570.08571428571);	INSERT into pedido(id,fecha_orden, id_producto, cantidad) values (105,'12/01/2009',4,99905.4);	INSERT into pedido(id,fecha_orden, id_producto, cantidad) values (136,'12/01/2009',5,8298.08571428571);	INSERT into pedido(id,fecha_orden, id_producto, cantidad) values (167,'12/01/2009',8,7119.25714285714);	INSERT into pedido(id,fecha_orden, id_producto, cantidad) values (200,'12/01/2009',9,26293.6285714286);	INSERT into pedido(id,fecha_orden, id_producto, cantidad) values (231,'12/01/2009',10,36775.0285714286);	INSERT into pedido(id,fecha_orden, id_producto, cantidad) values (262,'12/01/2009',11,30374.7428571429);	INSERT into pedido(id,fecha_orden, id_producto, cantidad) values (293,'12/01/2009',7,9548.44285714286);	INSERT into pedido(id,fecha_orden, id_producto, cantidad) values (324,'12/01/2009',6,31478.6571428571);
INSERT into pedido(id,fecha_orden, id_producto, cantidad) values (13,'13/01/2009',1,1450.8);	INSERT into pedido(id,fecha_orden, id_producto, cantidad) values (44,'13/01/2009',2,32232.6428571429);	INSERT into pedido(id,fecha_orden, id_producto, cantidad) values (75,'13/01/2009',3,9570.08571428571);	INSERT into pedido(id,fecha_orden, id_producto, cantidad) values (106,'13/01/2009',4,99905.4);	INSERT into pedido(id,fecha_orden, id_producto, cantidad) values (137,'13/01/2009',5,8298.08571428571);	INSERT into pedido(id,fecha_orden, id_producto, cantidad) values (168,'13/01/2009',8,7119.25714285714);	INSERT into pedido(id,fecha_orden, id_producto, cantidad) values (201,'13/01/2009',9,26293.6285714286);	INSERT into pedido(id,fecha_orden, id_producto, cantidad) values (232,'13/01/2009',10,36775.0285714286);	INSERT into pedido(id,fecha_orden, id_producto, cantidad) values (263,'13/01/2009',11,30374.7428571429);	INSERT into pedido(id,fecha_orden, id_producto, cantidad) values (294,'13/01/2009',7,9548.44285714286);	INSERT into pedido(id,fecha_orden, id_producto, cantidad) values (325,'13/01/2009',6,31478.6571428571);
INSERT into pedido(id,fecha_orden, id_producto, cantidad) values (14,'14/01/2009',1,1450.8);	INSERT into pedido(id,fecha_orden, id_producto, cantidad) values (45,'14/01/2009',2,32232.6428571429);	INSERT into pedido(id,fecha_orden, id_producto, cantidad) values (76,'14/01/2009',3,9570.08571428571);	INSERT into pedido(id,fecha_orden, id_producto, cantidad) values (107,'14/01/2009',4,99905.4);	INSERT into pedido(id,fecha_orden, id_producto, cantidad) values (138,'14/01/2009',5,8298.08571428571);	INSERT into pedido(id,fecha_orden, id_producto, cantidad) values (169,'14/01/2009',8,7119.25714285714);	INSERT into pedido(id,fecha_orden, id_producto, cantidad) values (202,'14/01/2009',9,26293.6285714286);	INSERT into pedido(id,fecha_orden, id_producto, cantidad) values (233,'14/01/2009',10,36775.0285714286);	INSERT into pedido(id,fecha_orden, id_producto, cantidad) values (264,'14/01/2009',11,30374.7428571429);	INSERT into pedido(id,fecha_orden, id_producto, cantidad) values (295,'14/01/2009',7,9548.44285714286);	INSERT into pedido(id,fecha_orden, id_producto, cantidad) values (326,'14/01/2009',6,31478.6571428571);
INSERT into pedido(id,fecha_orden, id_producto, cantidad) values (15,'15/01/2009',1,725.4);	INSERT into pedido(id,fecha_orden, id_producto, cantidad) values (46,'15/01/2009',2,16116.3214285714);	INSERT into pedido(id,fecha_orden, id_producto, cantidad) values (77,'15/01/2009',3,4785.04285714286);	INSERT into pedido(id,fecha_orden, id_producto, cantidad) values (108,'15/01/2009',4,49952.7);	INSERT into pedido(id,fecha_orden, id_producto, cantidad) values (139,'15/01/2009',5,4149.04285714286);	INSERT into pedido(id,fecha_orden, id_producto, cantidad) values (170,'15/01/2009',8,3559.62857142857);	INSERT into pedido(id,fecha_orden, id_producto, cantidad) values (203,'15/01/2009',9,13146.8142857143);	INSERT into pedido(id,fecha_orden, id_producto, cantidad) values (234,'15/01/2009',10,18387.5142857143);	INSERT into pedido(id,fecha_orden, id_producto, cantidad) values (265,'15/01/2009',11,15187.3714285714);	INSERT into pedido(id,fecha_orden, id_producto, cantidad) values (296,'15/01/2009',7,4774.22142857143);	INSERT into pedido(id,fecha_orden, id_producto, cantidad) values (327,'15/01/2009',6,15739.3285714286);
INSERT into pedido(id,fecha_orden, id_producto, cantidad) values (16,'16/01/2009',1,725.4);	INSERT into pedido(id,fecha_orden, id_producto, cantidad) values (47,'16/01/2009',2,16116.3214285714);	INSERT into pedido(id,fecha_orden, id_producto, cantidad) values (78,'16/01/2009',3,4785.04285714286);	INSERT into pedido(id,fecha_orden, id_producto, cantidad) values (109,'16/01/2009',4,49952.7);	INSERT into pedido(id,fecha_orden, id_producto, cantidad) values (140,'16/01/2009',5,4149.04285714286);	INSERT into pedido(id,fecha_orden, id_producto, cantidad) values (171,'16/01/2009',8,3559.62857142857);	INSERT into pedido(id,fecha_orden, id_producto, cantidad) values (204,'16/01/2009',9,13146.8142857143);	INSERT into pedido(id,fecha_orden, id_producto, cantidad) values (235,'16/01/2009',10,18387.5142857143);	INSERT into pedido(id,fecha_orden, id_producto, cantidad) values (266,'16/01/2009',11,15187.3714285714);	INSERT into pedido(id,fecha_orden, id_producto, cantidad) values (297,'16/01/2009',7,4774.22142857143);	INSERT into pedido(id,fecha_orden, id_producto, cantidad) values (328,'16/01/2009',6,15739.3285714286);
INSERT into pedido(id,fecha_orden, id_producto, cantidad) values (17,'17/01/2009',1,725.4);	INSERT into pedido(id,fecha_orden, id_producto, cantidad) values (48,'17/01/2009',2,16116.3214285714);	INSERT into pedido(id,fecha_orden, id_producto, cantidad) values (79,'17/01/2009',3,4785.04285714286);	INSERT into pedido(id,fecha_orden, id_producto, cantidad) values (110,'17/01/2009',4,49952.7);	INSERT into pedido(id,fecha_orden, id_producto, cantidad) values (141,'17/01/2009',5,4149.04285714286);	INSERT into pedido(id,fecha_orden, id_producto, cantidad) values (172,'17/01/2009',8,3559.62857142857);	INSERT into pedido(id,fecha_orden, id_producto, cantidad) values (205,'17/01/2009',9,13146.8142857143);	INSERT into pedido(id,fecha_orden, id_producto, cantidad) values (236,'17/01/2009',10,18387.5142857143);	INSERT into pedido(id,fecha_orden, id_producto, cantidad) values (267,'17/01/2009',11,15187.3714285714);	INSERT into pedido(id,fecha_orden, id_producto, cantidad) values (298,'17/01/2009',7,4774.22142857143);	INSERT into pedido(id,fecha_orden, id_producto, cantidad) values (329,'17/01/2009',6,15739.3285714286);
INSERT into pedido(id,fecha_orden, id_producto, cantidad) values (18,'18/01/2009',1,725.4);	INSERT into pedido(id,fecha_orden, id_producto, cantidad) values (49,'18/01/2009',2,16116.3214285714);	INSERT into pedido(id,fecha_orden, id_producto, cantidad) values (80,'18/01/2009',3,4785.04285714286);	INSERT into pedido(id,fecha_orden, id_producto, cantidad) values (111,'18/01/2009',4,49952.7);	INSERT into pedido(id,fecha_orden, id_producto, cantidad) values (142,'18/01/2009',5,4149.04285714286);	INSERT into pedido(id,fecha_orden, id_producto, cantidad) values (173,'18/01/2009',8,3559.62857142857);	INSERT into pedido(id,fecha_orden, id_producto, cantidad) values (206,'18/01/2009',9,13146.8142857143);	INSERT into pedido(id,fecha_orden, id_producto, cantidad) values (237,'18/01/2009',10,18387.5142857143);	INSERT into pedido(id,fecha_orden, id_producto, cantidad) values (268,'18/01/2009',11,15187.3714285714);	INSERT into pedido(id,fecha_orden, id_producto, cantidad) values (299,'18/01/2009',7,4774.22142857143);	INSERT into pedido(id,fecha_orden, id_producto, cantidad) values (330,'18/01/2009',6,15739.3285714286);
INSERT into pedido(id,fecha_orden, id_producto, cantidad) values (19,'19/01/2009',1,725.4);	INSERT into pedido(id,fecha_orden, id_producto, cantidad) values (50,'19/01/2009',2,16116.3214285714);	INSERT into pedido(id,fecha_orden, id_producto, cantidad) values (81,'19/01/2009',3,4785.04285714286);	INSERT into pedido(id,fecha_orden, id_producto, cantidad) values (112,'19/01/2009',4,49952.7);	INSERT into pedido(id,fecha_orden, id_producto, cantidad) values (143,'19/01/2009',5,4149.04285714286);	INSERT into pedido(id,fecha_orden, id_producto, cantidad) values (174,'19/01/2009',8,3559.62857142857);	INSERT into pedido(id,fecha_orden, id_producto, cantidad) values (207,'19/01/2009',9,13146.8142857143);	INSERT into pedido(id,fecha_orden, id_producto, cantidad) values (238,'19/01/2009',10,18387.5142857143);	INSERT into pedido(id,fecha_orden, id_producto, cantidad) values (269,'19/01/2009',11,15187.3714285714);	INSERT into pedido(id,fecha_orden, id_producto, cantidad) values (300,'19/01/2009',7,4774.22142857143);	INSERT into pedido(id,fecha_orden, id_producto, cantidad) values (331,'19/01/2009',6,15739.3285714286);
INSERT into pedido(id,fecha_orden, id_producto, cantidad) values (20,'20/01/2009',1,725.4);	INSERT into pedido(id,fecha_orden, id_producto, cantidad) values (51,'20/01/2009',2,16116.3214285714);	INSERT into pedido(id,fecha_orden, id_producto, cantidad) values (82,'20/01/2009',3,4785.04285714286);	INSERT into pedido(id,fecha_orden, id_producto, cantidad) values (113,'20/01/2009',4,49952.7);	INSERT into pedido(id,fecha_orden, id_producto, cantidad) values (144,'20/01/2009',5,4149.04285714286);	INSERT into pedido(id,fecha_orden, id_producto, cantidad) values (175,'20/01/2009',8,3559.62857142857);	INSERT into pedido(id,fecha_orden, id_producto, cantidad) values (208,'20/01/2009',9,13146.8142857143);	INSERT into pedido(id,fecha_orden, id_producto, cantidad) values (239,'20/01/2009',10,18387.5142857143);	INSERT into pedido(id,fecha_orden, id_producto, cantidad) values (270,'20/01/2009',11,15187.3714285714);	INSERT into pedido(id,fecha_orden, id_producto, cantidad) values (301,'20/01/2009',7,4774.22142857143);	INSERT into pedido(id,fecha_orden, id_producto, cantidad) values (332,'20/01/2009',6,15739.3285714286);
INSERT into pedido(id,fecha_orden, id_producto, cantidad) values (21,'21/01/2009',1,725.4);	INSERT into pedido(id,fecha_orden, id_producto, cantidad) values (52,'21/01/2009',2,16116.3214285714);	INSERT into pedido(id,fecha_orden, id_producto, cantidad) values (83,'21/01/2009',3,4785.04285714286);	INSERT into pedido(id,fecha_orden, id_producto, cantidad) values (114,'21/01/2009',4,49952.7);	INSERT into pedido(id,fecha_orden, id_producto, cantidad) values (145,'21/01/2009',5,4149.04285714286);	INSERT into pedido(id,fecha_orden, id_producto, cantidad) values (176,'21/01/2009',8,3559.62857142857);	INSERT into pedido(id,fecha_orden, id_producto, cantidad) values (209,'21/01/2009',9,13146.8142857143);	INSERT into pedido(id,fecha_orden, id_producto, cantidad) values (240,'21/01/2009',10,18387.5142857143);	INSERT into pedido(id,fecha_orden, id_producto, cantidad) values (271,'21/01/2009',11,15187.3714285714);	INSERT into pedido(id,fecha_orden, id_producto, cantidad) values (302,'21/01/2009',7,4774.22142857143);	INSERT into pedido(id,fecha_orden, id_producto, cantidad) values (333,'21/01/2009',6,15739.3285714286);
INSERT into pedido(id,fecha_orden, id_producto, cantidad) values (22,'22/01/2009',1,338.52);	INSERT into pedido(id,fecha_orden, id_producto, cantidad) values (53,'22/01/2009',2,7520.95);	INSERT into pedido(id,fecha_orden, id_producto, cantidad) values (84,'22/01/2009',3,2233.02);	INSERT into pedido(id,fecha_orden, id_producto, cantidad) values (115,'22/01/2009',4,23311.26);	INSERT into pedido(id,fecha_orden, id_producto, cantidad) values (146,'22/01/2009',5,1936.22);	INSERT into pedido(id,fecha_orden, id_producto, cantidad) values (177,'22/01/2009',8,1661.16);	INSERT into pedido(id,fecha_orden, id_producto, cantidad) values (210,'22/01/2009',9,6135.18);	INSERT into pedido(id,fecha_orden, id_producto, cantidad) values (241,'22/01/2009',10,8580.84);	INSERT into pedido(id,fecha_orden, id_producto, cantidad) values (272,'22/01/2009',11,7087.44);	INSERT into pedido(id,fecha_orden, id_producto, cantidad) values (303,'22/01/2009',7,2227.97);	INSERT into pedido(id,fecha_orden, id_producto, cantidad) values (334,'22/01/2009',6,7345.02);
INSERT into pedido(id,fecha_orden, id_producto, cantidad) values (23,'23/01/2009',1,338.52);	INSERT into pedido(id,fecha_orden, id_producto, cantidad) values (54,'23/01/2009',2,7520.95);	INSERT into pedido(id,fecha_orden, id_producto, cantidad) values (85,'23/01/2009',3,2233.02);	INSERT into pedido(id,fecha_orden, id_producto, cantidad) values (116,'23/01/2009',4,23311.26);	INSERT into pedido(id,fecha_orden, id_producto, cantidad) values (147,'23/01/2009',5,1936.22);	INSERT into pedido(id,fecha_orden, id_producto, cantidad) values (178,'23/01/2009',8,1661.16);	INSERT into pedido(id,fecha_orden, id_producto, cantidad) values (211,'23/01/2009',9,6135.18);	INSERT into pedido(id,fecha_orden, id_producto, cantidad) values (242,'23/01/2009',10,8580.84);	INSERT into pedido(id,fecha_orden, id_producto, cantidad) values (273,'23/01/2009',11,7087.44);	INSERT into pedido(id,fecha_orden, id_producto, cantidad) values (304,'23/01/2009',7,2227.97);	INSERT into pedido(id,fecha_orden, id_producto, cantidad) values (335,'23/01/2009',6,7345.02);
INSERT into pedido(id,fecha_orden, id_producto, cantidad) values (24,'24/01/2009',1,338.52);	INSERT into pedido(id,fecha_orden, id_producto, cantidad) values (55,'24/01/2009',2,7520.95);	INSERT into pedido(id,fecha_orden, id_producto, cantidad) values (86,'24/01/2009',3,2233.02);	INSERT into pedido(id,fecha_orden, id_producto, cantidad) values (117,'24/01/2009',4,23311.26);	INSERT into pedido(id,fecha_orden, id_producto, cantidad) values (148,'24/01/2009',5,1936.22);	INSERT into pedido(id,fecha_orden, id_producto, cantidad) values (179,'24/01/2009',8,1661.16);	INSERT into pedido(id,fecha_orden, id_producto, cantidad) values (212,'24/01/2009',9,6135.18);	INSERT into pedido(id,fecha_orden, id_producto, cantidad) values (243,'24/01/2009',10,8580.84);	INSERT into pedido(id,fecha_orden, id_producto, cantidad) values (274,'24/01/2009',11,7087.44);	INSERT into pedido(id,fecha_orden, id_producto, cantidad) values (305,'24/01/2009',7,2227.97);	INSERT into pedido(id,fecha_orden, id_producto, cantidad) values (336,'24/01/2009',6,7345.02);
INSERT into pedido(id,fecha_orden, id_producto, cantidad) values (25,'25/01/2009',1,338.52);	INSERT into pedido(id,fecha_orden, id_producto, cantidad) values (56,'25/01/2009',2,7520.95);	INSERT into pedido(id,fecha_orden, id_producto, cantidad) values (87,'25/01/2009',3,2233.02);	INSERT into pedido(id,fecha_orden, id_producto, cantidad) values (118,'25/01/2009',4,23311.26);	INSERT into pedido(id,fecha_orden, id_producto, cantidad) values (149,'25/01/2009',5,1936.22);	INSERT into pedido(id,fecha_orden, id_producto, cantidad) values (180,'25/01/2009',8,1661.16);	INSERT into pedido(id,fecha_orden, id_producto, cantidad) values (213,'25/01/2009',9,6135.18);	INSERT into pedido(id,fecha_orden, id_producto, cantidad) values (244,'25/01/2009',10,8580.84);	INSERT into pedido(id,fecha_orden, id_producto, cantidad) values (275,'25/01/2009',11,7087.44);	INSERT into pedido(id,fecha_orden, id_producto, cantidad) values (306,'25/01/2009',7,2227.97);	INSERT into pedido(id,fecha_orden, id_producto, cantidad) values (337,'25/01/2009',6,7345.02);
INSERT into pedido(id,fecha_orden, id_producto, cantidad) values (26,'26/01/2009',1,338.52);	INSERT into pedido(id,fecha_orden, id_producto, cantidad) values (57,'26/01/2009',2,7520.95);	INSERT into pedido(id,fecha_orden, id_producto, cantidad) values (88,'26/01/2009',3,2233.02);	INSERT into pedido(id,fecha_orden, id_producto, cantidad) values (119,'26/01/2009',4,23311.26);	INSERT into pedido(id,fecha_orden, id_producto, cantidad) values (150,'26/01/2009',5,1936.22);	INSERT into pedido(id,fecha_orden, id_producto, cantidad) values (181,'26/01/2009',8,1661.16);	INSERT into pedido(id,fecha_orden, id_producto, cantidad) values (214,'26/01/2009',9,6135.18);	INSERT into pedido(id,fecha_orden, id_producto, cantidad) values (245,'26/01/2009',10,8580.84);	INSERT into pedido(id,fecha_orden, id_producto, cantidad) values (276,'26/01/2009',11,7087.44);	INSERT into pedido(id,fecha_orden, id_producto, cantidad) values (307,'26/01/2009',7,2227.97);	INSERT into pedido(id,fecha_orden, id_producto, cantidad) values (338,'26/01/2009',6,7345.02);
INSERT into pedido(id,fecha_orden, id_producto, cantidad) values (27,'27/01/2009',1,338.52);	INSERT into pedido(id,fecha_orden, id_producto, cantidad) values (58,'27/01/2009',2,7520.95);	INSERT into pedido(id,fecha_orden, id_producto, cantidad) values (89,'27/01/2009',3,2233.02);	INSERT into pedido(id,fecha_orden, id_producto, cantidad) values (120,'27/01/2009',4,23311.26);	INSERT into pedido(id,fecha_orden, id_producto, cantidad) values (151,'27/01/2009',5,1936.22);	INSERT into pedido(id,fecha_orden, id_producto, cantidad) values (182,'27/01/2009',8,1661.16);	INSERT into pedido(id,fecha_orden, id_producto, cantidad) values (215,'27/01/2009',9,6135.18);	INSERT into pedido(id,fecha_orden, id_producto, cantidad) values (246,'27/01/2009',10,8580.84);	INSERT into pedido(id,fecha_orden, id_producto, cantidad) values (277,'27/01/2009',11,7087.44);	INSERT into pedido(id,fecha_orden, id_producto, cantidad) values (308,'27/01/2009',7,2227.97);	INSERT into pedido(id,fecha_orden, id_producto, cantidad) values (339,'27/01/2009',6,7345.02);
INSERT into pedido(id,fecha_orden, id_producto, cantidad) values (28,'28/01/2009',1,338.52);	INSERT into pedido(id,fecha_orden, id_producto, cantidad) values (59,'28/01/2009',2,7520.95);	INSERT into pedido(id,fecha_orden, id_producto, cantidad) values (90,'28/01/2009',3,2233.02);	INSERT into pedido(id,fecha_orden, id_producto, cantidad) values (121,'28/01/2009',4,23311.26);	INSERT into pedido(id,fecha_orden, id_producto, cantidad) values (152,'28/01/2009',5,1936.22);	INSERT into pedido(id,fecha_orden, id_producto, cantidad) values (183,'28/01/2009',8,1661.16);	INSERT into pedido(id,fecha_orden, id_producto, cantidad) values (216,'28/01/2009',9,6135.18);	INSERT into pedido(id,fecha_orden, id_producto, cantidad) values (247,'28/01/2009',10,8580.84);	INSERT into pedido(id,fecha_orden, id_producto, cantidad) values (278,'28/01/2009',11,7087.44);	INSERT into pedido(id,fecha_orden, id_producto, cantidad) values (309,'28/01/2009',7,2227.97);	INSERT into pedido(id,fecha_orden, id_producto, cantidad) values (340,'28/01/2009',6,7345.02);
INSERT into pedido(id,fecha_orden, id_producto, cantidad) values (29,'29/01/2009',1,338.52);	INSERT into pedido(id,fecha_orden, id_producto, cantidad) values (60,'29/01/2009',2,7520.95);	INSERT into pedido(id,fecha_orden, id_producto, cantidad) values (91,'29/01/2009',3,2233.02);	INSERT into pedido(id,fecha_orden, id_producto, cantidad) values (122,'29/01/2009',4,23311.26);	INSERT into pedido(id,fecha_orden, id_producto, cantidad) values (153,'29/01/2009',5,1936.22);	INSERT into pedido(id,fecha_orden, id_producto, cantidad) values (184,'29/01/2009',8,1661.16);	INSERT into pedido(id,fecha_orden, id_producto, cantidad) values (217,'29/01/2009',9,6135.18);	INSERT into pedido(id,fecha_orden, id_producto, cantidad) values (248,'29/01/2009',10,8580.84);	INSERT into pedido(id,fecha_orden, id_producto, cantidad) values (279,'29/01/2009',11,7087.44);	INSERT into pedido(id,fecha_orden, id_producto, cantidad) values (310,'29/01/2009',7,2227.97);	INSERT into pedido(id,fecha_orden, id_producto, cantidad) values (341,'29/01/2009',6,7345.02);
INSERT into pedido(id,fecha_orden, id_producto, cantidad) values (30,'30/01/2009',1,338.52);	INSERT into pedido(id,fecha_orden, id_producto, cantidad) values (61,'30/01/2009',2,7520.95);	INSERT into pedido(id,fecha_orden, id_producto, cantidad) values (92,'30/01/2009',3,2233.02);	INSERT into pedido(id,fecha_orden, id_producto, cantidad) values (123,'30/01/2009',4,23311.26);	INSERT into pedido(id,fecha_orden, id_producto, cantidad) values (154,'30/01/2009',5,1936.22);	INSERT into pedido(id,fecha_orden, id_producto, cantidad) values (185,'30/01/2009',8,1661.16);	INSERT into pedido(id,fecha_orden, id_producto, cantidad) values (218,'30/01/2009',9,6135.18);	INSERT into pedido(id,fecha_orden, id_producto, cantidad) values (249,'30/01/2009',10,8580.84);	INSERT into pedido(id,fecha_orden, id_producto, cantidad) values (280,'30/01/2009',11,7087.44);	INSERT into pedido(id,fecha_orden, id_producto, cantidad) values (311,'30/01/2009',7,2227.97);	INSERT into pedido(id,fecha_orden, id_producto, cantidad) values (342,'30/01/2009',6,7345.02);
INSERT into pedido(id,fecha_orden, id_producto, cantidad) values (31,'31/01/2009',1,338.52);	INSERT into pedido(id,fecha_orden, id_producto, cantidad) values (62,'31/01/2009',2,7520.95);	INSERT into pedido(id,fecha_orden, id_producto, cantidad) values (93,'31/01/2009',3,2233.02);	INSERT into pedido(id,fecha_orden, id_producto, cantidad) values (124,'31/01/2009',4,23311.26);	INSERT into pedido(id,fecha_orden, id_producto, cantidad) values (155,'31/01/2009',5,1936.22);	INSERT into pedido(id,fecha_orden, id_producto, cantidad) values (186,'31/01/2009',8,1661.16);	INSERT into pedido(id,fecha_orden, id_producto, cantidad) values (219,'31/01/2009',9,6135.18);	INSERT into pedido(id,fecha_orden, id_producto, cantidad) values (250,'31/01/2009',10,8580.84);	INSERT into pedido(id,fecha_orden, id_producto, cantidad) values (281,'31/01/2009',11,7087.44);	INSERT into pedido(id,fecha_orden, id_producto, cantidad) values (312,'31/01/2009',7,2227.97);	INSERT into pedido(id,fecha_orden, id_producto, cantidad) values (343,'31/01/2009',6,7345.02);

--linea
INSERT into linea(id, nombre) values (1, 'Linea1_agua');
INSERT into linea(id, nombre) values (2, 'Linea2_agua');
INSERT into linea(id, nombre) values (3, 'Linea3_agua');
INSERT into linea(id, nombre) values (4, 'Linea1_gaseosa');
INSERT into linea(id, nombre) values (5, 'Linea2_gaseosa');

--tasa produccion
INSERT into tasa_produccion(id,id_producto,id_linea,botellas_hora) values (1,1,1,240000);
INSERT into tasa_produccion(id,id_producto,id_linea,botellas_hora) values (2,1,4,192000);
INSERT into tasa_produccion(id,id_producto,id_linea,botellas_hora) values (3,1,5,48000);
INSERT into tasa_produccion(id,id_producto,id_linea,botellas_hora) values (4,2,1,240000);
INSERT into tasa_produccion(id,id_producto,id_linea,botellas_hora) values (5,3,4,180000);
INSERT into tasa_produccion(id,id_producto,id_linea,botellas_hora) values (6,3,5,36000);
INSERT into tasa_produccion(id,id_producto,id_linea,botellas_hora) values (7,4,1,230400);
INSERT into tasa_produccion(id,id_producto,id_linea,botellas_hora) values (8,5,3,13920);
INSERT into tasa_produccion(id,id_producto,id_linea,botellas_hora) values (9,6,2,64800);
INSERT into tasa_produccion(id,id_producto,id_linea,botellas_hora) values (10,7,4,54000);
INSERT into tasa_produccion(id,id_producto,id_linea,botellas_hora) values (11,8,4,192000);
INSERT into tasa_produccion(id,id_producto,id_linea,botellas_hora) values (12,8,5,48000);
INSERT into tasa_produccion(id,id_producto,id_linea,botellas_hora) values (13,9,4,180000);
INSERT into tasa_produccion(id,id_producto,id_linea,botellas_hora) values (14,9,5,36000);
INSERT into tasa_produccion(id,id_producto,id_linea,botellas_hora) values (15,10,4,54000);
INSERT into tasa_produccion(id,id_producto,id_linea,botellas_hora) values (16,11,4,192000);
INSERT into tasa_produccion(id,id_producto,id_linea,botellas_hora) values (17,11,5,48000);


--inventario
INSERT INTO inventario(id, cantidad, id_producto) VALUES (1, 0, 1);
INSERT INTO inventario(id, cantidad, id_producto) VALUES (2, 0, 2);
INSERT INTO inventario(id, cantidad, id_producto) VALUES (3, 0, 3);
INSERT INTO inventario(id, cantidad, id_producto) VALUES (4, 0, 4);
INSERT INTO inventario(id, cantidad, id_producto) VALUES (5, 0, 5);
INSERT INTO inventario(id, cantidad, id_producto) VALUES (6, 0, 6);
INSERT INTO inventario(id, cantidad, id_producto) VALUES (7, 0, 7);
INSERT INTO inventario(id, cantidad, id_producto) VALUES (8, 0, 8);
INSERT INTO inventario(id, cantidad, id_producto) VALUES (9, 0, 9);
INSERT INTO inventario(id, cantidad, id_producto) VALUES (10, 0, 10);
INSERT INTO inventario(id, cantidad, id_producto) VALUES (11, 0, 11);

