--producto
INSERT INTO producto(id, nombre, cc)
VALUES (1, 'Agua Chica', '500');
INSERT INTO producto(id, nombre, cc)
VALUES (2, 'Agua 600', '600');
INSERT INTO producto(id, nombre, cc)
VALUES (3, 'Agua Lt. y 1/2', '1500');
INSERT INTO producto(id, nombre, cc)
VALUES (4, 'Agua Grande', '2000');
INSERT INTO producto(id, nombre, cc)
VALUES (5, 'Agua Bidon', '5000');
INSERT INTO producto(id, nombre, cc)
VALUES (6, 'Soda Sifon', '2000');
INSERT INTO producto(id, nombre, cc)
VALUES (7, 'Soda Botella', '2250');
INSERT INTO producto(id, nombre, cc)
VALUES (8, 'Saborizada Chica', '500');
INSERT INTO producto(id, nombre, cc)
VALUES (9, 'Saborizada Grande', '1500');
INSERT INTO producto(id, nombre, cc)
VALUES (10, 'Gaseosa Sport', '2250');
INSERT INTO producto(id, nombre, cc)
VALUES (11, 'Gaseosa Plena', '500');

--demanda

INSERT into demanda(id,fecha_demanda, id_producto, consumo) values (1,'01/01/2009',1,2176.2);	INSERT into demanda(id,fecha_demanda, id_producto, consumo) values (32,'01/01/2009',2,48348.9642857143);	INSERT into demanda(id,fecha_demanda, id_producto, consumo) values (63,'01/01/2009',3,14355.1285714286);	INSERT into demanda(id,fecha_demanda, id_producto, consumo) values (94,'01/01/2009',4,149858.1);	INSERT into demanda(id,fecha_demanda, id_producto, consumo) values (125,'01/01/2009',5,12447.1285714286);	INSERT into demanda(id,fecha_demanda, id_producto, consumo) values (156,'01/01/2009',8,10678.8857142857);	INSERT into demanda(id,fecha_demanda, id_producto, consumo) values (189,'01/01/2009',9,39440.4428571429);	INSERT into demanda(id,fecha_demanda, id_producto, consumo) values (220,'01/01/2009',10,55162.5428571429);	INSERT into demanda(id,fecha_demanda, id_producto, consumo) values (251,'01/01/2009',11,45562.1142857143);	INSERT into demanda(id,fecha_demanda, id_producto, consumo) values (282,'01/01/2009',7,14322.6642857143);	INSERT into demanda(id,fecha_demanda, id_producto, consumo) values (313,'01/01/2009',6,47217.9857142857);
INSERT into demanda(id,fecha_demanda, id_producto, consumo) values (2,'02/01/2009',1,2176.2);	INSERT into demanda(id,fecha_demanda, id_producto, consumo) values (33,'02/01/2009',2,48348.9642857143);	INSERT into demanda(id,fecha_demanda, id_producto, consumo) values (64,'02/01/2009',3,14355.1285714286);	INSERT into demanda(id,fecha_demanda, id_producto, consumo) values (95,'02/01/2009',4,149858.1);	INSERT into demanda(id,fecha_demanda, id_producto, consumo) values (126,'02/01/2009',5,12447.1285714286);	INSERT into demanda(id,fecha_demanda, id_producto, consumo) values (157,'02/01/2009',8,10678.8857142857);	INSERT into demanda(id,fecha_demanda, id_producto, consumo) values (190,'02/01/2009',9,39440.4428571429);	INSERT into demanda(id,fecha_demanda, id_producto, consumo) values (221,'02/01/2009',10,55162.5428571429);	INSERT into demanda(id,fecha_demanda, id_producto, consumo) values (252,'02/01/2009',11,45562.1142857143);	INSERT into demanda(id,fecha_demanda, id_producto, consumo) values (283,'02/01/2009',7,14322.6642857143);	INSERT into demanda(id,fecha_demanda, id_producto, consumo) values (314,'02/01/2009',6,47217.9857142857);
INSERT into demanda(id,fecha_demanda, id_producto, consumo) values (3,'03/01/2009',1,2176.2);	INSERT into demanda(id,fecha_demanda, id_producto, consumo) values (34,'03/01/2009',2,48348.9642857143);	INSERT into demanda(id,fecha_demanda, id_producto, consumo) values (65,'03/01/2009',3,14355.1285714286);	INSERT into demanda(id,fecha_demanda, id_producto, consumo) values (96,'03/01/2009',4,149858.1);	INSERT into demanda(id,fecha_demanda, id_producto, consumo) values (127,'03/01/2009',5,12447.1285714286);	INSERT into demanda(id,fecha_demanda, id_producto, consumo) values (158,'03/01/2009',8,10678.8857142857);	INSERT into demanda(id,fecha_demanda, id_producto, consumo) values (191,'03/01/2009',9,39440.4428571429);	INSERT into demanda(id,fecha_demanda, id_producto, consumo) values (222,'03/01/2009',10,55162.5428571429);	INSERT into demanda(id,fecha_demanda, id_producto, consumo) values (253,'03/01/2009',11,45562.1142857143);	INSERT into demanda(id,fecha_demanda, id_producto, consumo) values (284,'03/01/2009',7,14322.6642857143);	INSERT into demanda(id,fecha_demanda, id_producto, consumo) values (315,'03/01/2009',6,47217.9857142857);
INSERT into demanda(id,fecha_demanda, id_producto, consumo) values (4,'04/01/2009',1,2176.2);	INSERT into demanda(id,fecha_demanda, id_producto, consumo) values (35,'04/01/2009',2,48348.9642857143);	INSERT into demanda(id,fecha_demanda, id_producto, consumo) values (66,'04/01/2009',3,14355.1285714286);	INSERT into demanda(id,fecha_demanda, id_producto, consumo) values (97,'04/01/2009',4,149858.1);	INSERT into demanda(id,fecha_demanda, id_producto, consumo) values (128,'04/01/2009',5,12447.1285714286);	INSERT into demanda(id,fecha_demanda, id_producto, consumo) values (159,'04/01/2009',8,10678.8857142857);	INSERT into demanda(id,fecha_demanda, id_producto, consumo) values (192,'04/01/2009',9,39440.4428571429);	INSERT into demanda(id,fecha_demanda, id_producto, consumo) values (223,'04/01/2009',10,55162.5428571429);	INSERT into demanda(id,fecha_demanda, id_producto, consumo) values (254,'04/01/2009',11,45562.1142857143);	INSERT into demanda(id,fecha_demanda, id_producto, consumo) values (285,'04/01/2009',7,14322.6642857143);	INSERT into demanda(id,fecha_demanda, id_producto, consumo) values (316,'04/01/2009',6,47217.9857142857);
INSERT into demanda(id,fecha_demanda, id_producto, consumo) values (5,'05/01/2009',1,2176.2);	INSERT into demanda(id,fecha_demanda, id_producto, consumo) values (36,'05/01/2009',2,48348.9642857143);	INSERT into demanda(id,fecha_demanda, id_producto, consumo) values (67,'05/01/2009',3,14355.1285714286);	INSERT into demanda(id,fecha_demanda, id_producto, consumo) values (98,'05/01/2009',4,149858.1);	INSERT into demanda(id,fecha_demanda, id_producto, consumo) values (129,'05/01/2009',5,12447.1285714286);	INSERT into demanda(id,fecha_demanda, id_producto, consumo) values (160,'05/01/2009',8,10678.8857142857);	INSERT into demanda(id,fecha_demanda, id_producto, consumo) values (193,'05/01/2009',9,39440.4428571429);	INSERT into demanda(id,fecha_demanda, id_producto, consumo) values (224,'05/01/2009',10,55162.5428571429);	INSERT into demanda(id,fecha_demanda, id_producto, consumo) values (255,'05/01/2009',11,45562.1142857143);	INSERT into demanda(id,fecha_demanda, id_producto, consumo) values (286,'05/01/2009',7,14322.6642857143);	INSERT into demanda(id,fecha_demanda, id_producto, consumo) values (317,'05/01/2009',6,47217.9857142857);
INSERT into demanda(id,fecha_demanda, id_producto, consumo) values (6,'06/01/2009',1,2176.2);	INSERT into demanda(id,fecha_demanda, id_producto, consumo) values (37,'06/01/2009',2,48348.9642857143);	INSERT into demanda(id,fecha_demanda, id_producto, consumo) values (68,'06/01/2009',3,14355.1285714286);	INSERT into demanda(id,fecha_demanda, id_producto, consumo) values (99,'06/01/2009',4,149858.1);	INSERT into demanda(id,fecha_demanda, id_producto, consumo) values (130,'06/01/2009',5,12447.1285714286);	INSERT into demanda(id,fecha_demanda, id_producto, consumo) values (161,'06/01/2009',8,10678.8857142857);	INSERT into demanda(id,fecha_demanda, id_producto, consumo) values (194,'06/01/2009',9,39440.4428571429);	INSERT into demanda(id,fecha_demanda, id_producto, consumo) values (225,'06/01/2009',10,55162.5428571429);	INSERT into demanda(id,fecha_demanda, id_producto, consumo) values (256,'06/01/2009',11,45562.1142857143);	INSERT into demanda(id,fecha_demanda, id_producto, consumo) values (287,'06/01/2009',7,14322.6642857143);	INSERT into demanda(id,fecha_demanda, id_producto, consumo) values (318,'06/01/2009',6,47217.9857142857);
INSERT into demanda(id,fecha_demanda, id_producto, consumo) values (7,'07/01/2009',1,2176.2);	INSERT into demanda(id,fecha_demanda, id_producto, consumo) values (38,'07/01/2009',2,48348.9642857143);	INSERT into demanda(id,fecha_demanda, id_producto, consumo) values (69,'07/01/2009',3,14355.1285714286);	INSERT into demanda(id,fecha_demanda, id_producto, consumo) values (100,'07/01/2009',4,149858.1);	INSERT into demanda(id,fecha_demanda, id_producto, consumo) values (131,'07/01/2009',5,12447.1285714286);	INSERT into demanda(id,fecha_demanda, id_producto, consumo) values (162,'07/01/2009',8,10678.8857142857);	INSERT into demanda(id,fecha_demanda, id_producto, consumo) values (195,'07/01/2009',9,39440.4428571429);	INSERT into demanda(id,fecha_demanda, id_producto, consumo) values (226,'07/01/2009',10,55162.5428571429);	INSERT into demanda(id,fecha_demanda, id_producto, consumo) values (257,'07/01/2009',11,45562.1142857143);	INSERT into demanda(id,fecha_demanda, id_producto, consumo) values (288,'07/01/2009',7,14322.6642857143);	INSERT into demanda(id,fecha_demanda, id_producto, consumo) values (319,'07/01/2009',6,47217.9857142857);
INSERT into demanda(id,fecha_demanda, id_producto, consumo) values (8,'08/01/2009',1,1450.8);	INSERT into demanda(id,fecha_demanda, id_producto, consumo) values (39,'08/01/2009',2,32232.6428571429);	INSERT into demanda(id,fecha_demanda, id_producto, consumo) values (70,'08/01/2009',3,9570.08571428571);	INSERT into demanda(id,fecha_demanda, id_producto, consumo) values (101,'08/01/2009',4,99905.4);	INSERT into demanda(id,fecha_demanda, id_producto, consumo) values (132,'08/01/2009',5,8298.08571428571);	INSERT into demanda(id,fecha_demanda, id_producto, consumo) values (163,'08/01/2009',8,7119.25714285714);	INSERT into demanda(id,fecha_demanda, id_producto, consumo) values (196,'08/01/2009',9,26293.6285714286);	INSERT into demanda(id,fecha_demanda, id_producto, consumo) values (227,'08/01/2009',10,36775.0285714286);	INSERT into demanda(id,fecha_demanda, id_producto, consumo) values (258,'08/01/2009',11,30374.7428571429);	INSERT into demanda(id,fecha_demanda, id_producto, consumo) values (289,'08/01/2009',7,9548.44285714286);	INSERT into demanda(id,fecha_demanda, id_producto, consumo) values (320,'08/01/2009',6,31478.6571428571);
INSERT into demanda(id,fecha_demanda, id_producto, consumo) values (9,'09/01/2009',1,1450.8);	INSERT into demanda(id,fecha_demanda, id_producto, consumo) values (40,'09/01/2009',2,32232.6428571429);	INSERT into demanda(id,fecha_demanda, id_producto, consumo) values (71,'09/01/2009',3,9570.08571428571);	INSERT into demanda(id,fecha_demanda, id_producto, consumo) values (102,'09/01/2009',4,99905.4);	INSERT into demanda(id,fecha_demanda, id_producto, consumo) values (133,'09/01/2009',5,8298.08571428571);	INSERT into demanda(id,fecha_demanda, id_producto, consumo) values (164,'09/01/2009',8,7119.25714285714);	INSERT into demanda(id,fecha_demanda, id_producto, consumo) values (197,'09/01/2009',9,26293.6285714286);	INSERT into demanda(id,fecha_demanda, id_producto, consumo) values (228,'09/01/2009',10,36775.0285714286);	INSERT into demanda(id,fecha_demanda, id_producto, consumo) values (259,'09/01/2009',11,30374.7428571429);	INSERT into demanda(id,fecha_demanda, id_producto, consumo) values (290,'09/01/2009',7,9548.44285714286);	INSERT into demanda(id,fecha_demanda, id_producto, consumo) values (321,'09/01/2009',6,31478.6571428571);
INSERT into demanda(id,fecha_demanda, id_producto, consumo) values (10,'10/01/2009',1,1450.8);	INSERT into demanda(id,fecha_demanda, id_producto, consumo) values (41,'10/01/2009',2,32232.6428571429);	INSERT into demanda(id,fecha_demanda, id_producto, consumo) values (72,'10/01/2009',3,9570.08571428571);	INSERT into demanda(id,fecha_demanda, id_producto, consumo) values (103,'10/01/2009',4,99905.4);	INSERT into demanda(id,fecha_demanda, id_producto, consumo) values (134,'10/01/2009',5,8298.08571428571);	INSERT into demanda(id,fecha_demanda, id_producto, consumo) values (165,'10/01/2009',8,7119.25714285714);	INSERT into demanda(id,fecha_demanda, id_producto, consumo) values (198,'10/01/2009',9,26293.6285714286);	INSERT into demanda(id,fecha_demanda, id_producto, consumo) values (229,'10/01/2009',10,36775.0285714286);	INSERT into demanda(id,fecha_demanda, id_producto, consumo) values (260,'10/01/2009',11,30374.7428571429);	INSERT into demanda(id,fecha_demanda, id_producto, consumo) values (291,'10/01/2009',7,9548.44285714286);	INSERT into demanda(id,fecha_demanda, id_producto, consumo) values (322,'10/01/2009',6,31478.6571428571);
INSERT into demanda(id,fecha_demanda, id_producto, consumo) values (11,'11/01/2009',1,1450.8);	INSERT into demanda(id,fecha_demanda, id_producto, consumo) values (42,'11/01/2009',2,32232.6428571429);	INSERT into demanda(id,fecha_demanda, id_producto, consumo) values (73,'11/01/2009',3,9570.08571428571);	INSERT into demanda(id,fecha_demanda, id_producto, consumo) values (104,'11/01/2009',4,99905.4);	INSERT into demanda(id,fecha_demanda, id_producto, consumo) values (135,'11/01/2009',5,8298.08571428571);	INSERT into demanda(id,fecha_demanda, id_producto, consumo) values (166,'11/01/2009',8,7119.25714285714);	INSERT into demanda(id,fecha_demanda, id_producto, consumo) values (199,'11/01/2009',9,26293.6285714286);	INSERT into demanda(id,fecha_demanda, id_producto, consumo) values (230,'11/01/2009',10,36775.0285714286);	INSERT into demanda(id,fecha_demanda, id_producto, consumo) values (261,'11/01/2009',11,30374.7428571429);	INSERT into demanda(id,fecha_demanda, id_producto, consumo) values (292,'11/01/2009',7,9548.44285714286);	INSERT into demanda(id,fecha_demanda, id_producto, consumo) values (323,'11/01/2009',6,31478.6571428571);
INSERT into demanda(id,fecha_demanda, id_producto, consumo) values (12,'12/01/2009',1,1450.8);	INSERT into demanda(id,fecha_demanda, id_producto, consumo) values (43,'12/01/2009',2,32232.6428571429);	INSERT into demanda(id,fecha_demanda, id_producto, consumo) values (74,'12/01/2009',3,9570.08571428571);	INSERT into demanda(id,fecha_demanda, id_producto, consumo) values (105,'12/01/2009',4,99905.4);	INSERT into demanda(id,fecha_demanda, id_producto, consumo) values (136,'12/01/2009',5,8298.08571428571);	INSERT into demanda(id,fecha_demanda, id_producto, consumo) values (167,'12/01/2009',8,7119.25714285714);	INSERT into demanda(id,fecha_demanda, id_producto, consumo) values (200,'12/01/2009',9,26293.6285714286);	INSERT into demanda(id,fecha_demanda, id_producto, consumo) values (231,'12/01/2009',10,36775.0285714286);	INSERT into demanda(id,fecha_demanda, id_producto, consumo) values (262,'12/01/2009',11,30374.7428571429);	INSERT into demanda(id,fecha_demanda, id_producto, consumo) values (293,'12/01/2009',7,9548.44285714286);	INSERT into demanda(id,fecha_demanda, id_producto, consumo) values (324,'12/01/2009',6,31478.6571428571);
INSERT into demanda(id,fecha_demanda, id_producto, consumo) values (13,'13/01/2009',1,1450.8);	INSERT into demanda(id,fecha_demanda, id_producto, consumo) values (44,'13/01/2009',2,32232.6428571429);	INSERT into demanda(id,fecha_demanda, id_producto, consumo) values (75,'13/01/2009',3,9570.08571428571);	INSERT into demanda(id,fecha_demanda, id_producto, consumo) values (106,'13/01/2009',4,99905.4);	INSERT into demanda(id,fecha_demanda, id_producto, consumo) values (137,'13/01/2009',5,8298.08571428571);	INSERT into demanda(id,fecha_demanda, id_producto, consumo) values (168,'13/01/2009',8,7119.25714285714);	INSERT into demanda(id,fecha_demanda, id_producto, consumo) values (201,'13/01/2009',9,26293.6285714286);	INSERT into demanda(id,fecha_demanda, id_producto, consumo) values (232,'13/01/2009',10,36775.0285714286);	INSERT into demanda(id,fecha_demanda, id_producto, consumo) values (263,'13/01/2009',11,30374.7428571429);	INSERT into demanda(id,fecha_demanda, id_producto, consumo) values (294,'13/01/2009',7,9548.44285714286);	INSERT into demanda(id,fecha_demanda, id_producto, consumo) values (325,'13/01/2009',6,31478.6571428571);
INSERT into demanda(id,fecha_demanda, id_producto, consumo) values (14,'14/01/2009',1,1450.8);	INSERT into demanda(id,fecha_demanda, id_producto, consumo) values (45,'14/01/2009',2,32232.6428571429);	INSERT into demanda(id,fecha_demanda, id_producto, consumo) values (76,'14/01/2009',3,9570.08571428571);	INSERT into demanda(id,fecha_demanda, id_producto, consumo) values (107,'14/01/2009',4,99905.4);	INSERT into demanda(id,fecha_demanda, id_producto, consumo) values (138,'14/01/2009',5,8298.08571428571);	INSERT into demanda(id,fecha_demanda, id_producto, consumo) values (169,'14/01/2009',8,7119.25714285714);	INSERT into demanda(id,fecha_demanda, id_producto, consumo) values (202,'14/01/2009',9,26293.6285714286);	INSERT into demanda(id,fecha_demanda, id_producto, consumo) values (233,'14/01/2009',10,36775.0285714286);	INSERT into demanda(id,fecha_demanda, id_producto, consumo) values (264,'14/01/2009',11,30374.7428571429);	INSERT into demanda(id,fecha_demanda, id_producto, consumo) values (295,'14/01/2009',7,9548.44285714286);	INSERT into demanda(id,fecha_demanda, id_producto, consumo) values (326,'14/01/2009',6,31478.6571428571);
INSERT into demanda(id,fecha_demanda, id_producto, consumo) values (15,'15/01/2009',1,725.4);	INSERT into demanda(id,fecha_demanda, id_producto, consumo) values (46,'15/01/2009',2,16116.3214285714);	INSERT into demanda(id,fecha_demanda, id_producto, consumo) values (77,'15/01/2009',3,4785.04285714286);	INSERT into demanda(id,fecha_demanda, id_producto, consumo) values (108,'15/01/2009',4,49952.7);	INSERT into demanda(id,fecha_demanda, id_producto, consumo) values (139,'15/01/2009',5,4149.04285714286);	INSERT into demanda(id,fecha_demanda, id_producto, consumo) values (170,'15/01/2009',8,3559.62857142857);	INSERT into demanda(id,fecha_demanda, id_producto, consumo) values (203,'15/01/2009',9,13146.8142857143);	INSERT into demanda(id,fecha_demanda, id_producto, consumo) values (234,'15/01/2009',10,18387.5142857143);	INSERT into demanda(id,fecha_demanda, id_producto, consumo) values (265,'15/01/2009',11,15187.3714285714);	INSERT into demanda(id,fecha_demanda, id_producto, consumo) values (296,'15/01/2009',7,4774.22142857143);	INSERT into demanda(id,fecha_demanda, id_producto, consumo) values (327,'15/01/2009',6,15739.3285714286);
INSERT into demanda(id,fecha_demanda, id_producto, consumo) values (16,'16/01/2009',1,725.4);	INSERT into demanda(id,fecha_demanda, id_producto, consumo) values (47,'16/01/2009',2,16116.3214285714);	INSERT into demanda(id,fecha_demanda, id_producto, consumo) values (78,'16/01/2009',3,4785.04285714286);	INSERT into demanda(id,fecha_demanda, id_producto, consumo) values (109,'16/01/2009',4,49952.7);	INSERT into demanda(id,fecha_demanda, id_producto, consumo) values (140,'16/01/2009',5,4149.04285714286);	INSERT into demanda(id,fecha_demanda, id_producto, consumo) values (171,'16/01/2009',8,3559.62857142857);	INSERT into demanda(id,fecha_demanda, id_producto, consumo) values (204,'16/01/2009',9,13146.8142857143);	INSERT into demanda(id,fecha_demanda, id_producto, consumo) values (235,'16/01/2009',10,18387.5142857143);	INSERT into demanda(id,fecha_demanda, id_producto, consumo) values (266,'16/01/2009',11,15187.3714285714);	INSERT into demanda(id,fecha_demanda, id_producto, consumo) values (297,'16/01/2009',7,4774.22142857143);	INSERT into demanda(id,fecha_demanda, id_producto, consumo) values (328,'16/01/2009',6,15739.3285714286);
INSERT into demanda(id,fecha_demanda, id_producto, consumo) values (17,'17/01/2009',1,725.4);	INSERT into demanda(id,fecha_demanda, id_producto, consumo) values (48,'17/01/2009',2,16116.3214285714);	INSERT into demanda(id,fecha_demanda, id_producto, consumo) values (79,'17/01/2009',3,4785.04285714286);	INSERT into demanda(id,fecha_demanda, id_producto, consumo) values (110,'17/01/2009',4,49952.7);	INSERT into demanda(id,fecha_demanda, id_producto, consumo) values (141,'17/01/2009',5,4149.04285714286);	INSERT into demanda(id,fecha_demanda, id_producto, consumo) values (172,'17/01/2009',8,3559.62857142857);	INSERT into demanda(id,fecha_demanda, id_producto, consumo) values (205,'17/01/2009',9,13146.8142857143);	INSERT into demanda(id,fecha_demanda, id_producto, consumo) values (236,'17/01/2009',10,18387.5142857143);	INSERT into demanda(id,fecha_demanda, id_producto, consumo) values (267,'17/01/2009',11,15187.3714285714);	INSERT into demanda(id,fecha_demanda, id_producto, consumo) values (298,'17/01/2009',7,4774.22142857143);	INSERT into demanda(id,fecha_demanda, id_producto, consumo) values (329,'17/01/2009',6,15739.3285714286);
INSERT into demanda(id,fecha_demanda, id_producto, consumo) values (18,'18/01/2009',1,725.4);	INSERT into demanda(id,fecha_demanda, id_producto, consumo) values (49,'18/01/2009',2,16116.3214285714);	INSERT into demanda(id,fecha_demanda, id_producto, consumo) values (80,'18/01/2009',3,4785.04285714286);	INSERT into demanda(id,fecha_demanda, id_producto, consumo) values (111,'18/01/2009',4,49952.7);	INSERT into demanda(id,fecha_demanda, id_producto, consumo) values (142,'18/01/2009',5,4149.04285714286);	INSERT into demanda(id,fecha_demanda, id_producto, consumo) values (173,'18/01/2009',8,3559.62857142857);	INSERT into demanda(id,fecha_demanda, id_producto, consumo) values (206,'18/01/2009',9,13146.8142857143);	INSERT into demanda(id,fecha_demanda, id_producto, consumo) values (237,'18/01/2009',10,18387.5142857143);	INSERT into demanda(id,fecha_demanda, id_producto, consumo) values (268,'18/01/2009',11,15187.3714285714);	INSERT into demanda(id,fecha_demanda, id_producto, consumo) values (299,'18/01/2009',7,4774.22142857143);	INSERT into demanda(id,fecha_demanda, id_producto, consumo) values (330,'18/01/2009',6,15739.3285714286);
INSERT into demanda(id,fecha_demanda, id_producto, consumo) values (19,'19/01/2009',1,725.4);	INSERT into demanda(id,fecha_demanda, id_producto, consumo) values (50,'19/01/2009',2,16116.3214285714);	INSERT into demanda(id,fecha_demanda, id_producto, consumo) values (81,'19/01/2009',3,4785.04285714286);	INSERT into demanda(id,fecha_demanda, id_producto, consumo) values (112,'19/01/2009',4,49952.7);	INSERT into demanda(id,fecha_demanda, id_producto, consumo) values (143,'19/01/2009',5,4149.04285714286);	INSERT into demanda(id,fecha_demanda, id_producto, consumo) values (174,'19/01/2009',8,3559.62857142857);	INSERT into demanda(id,fecha_demanda, id_producto, consumo) values (207,'19/01/2009',9,13146.8142857143);	INSERT into demanda(id,fecha_demanda, id_producto, consumo) values (238,'19/01/2009',10,18387.5142857143);	INSERT into demanda(id,fecha_demanda, id_producto, consumo) values (269,'19/01/2009',11,15187.3714285714);	INSERT into demanda(id,fecha_demanda, id_producto, consumo) values (300,'19/01/2009',7,4774.22142857143);	INSERT into demanda(id,fecha_demanda, id_producto, consumo) values (331,'19/01/2009',6,15739.3285714286);
INSERT into demanda(id,fecha_demanda, id_producto, consumo) values (20,'20/01/2009',1,725.4);	INSERT into demanda(id,fecha_demanda, id_producto, consumo) values (51,'20/01/2009',2,16116.3214285714);	INSERT into demanda(id,fecha_demanda, id_producto, consumo) values (82,'20/01/2009',3,4785.04285714286);	INSERT into demanda(id,fecha_demanda, id_producto, consumo) values (113,'20/01/2009',4,49952.7);	INSERT into demanda(id,fecha_demanda, id_producto, consumo) values (144,'20/01/2009',5,4149.04285714286);	INSERT into demanda(id,fecha_demanda, id_producto, consumo) values (175,'20/01/2009',8,3559.62857142857);	INSERT into demanda(id,fecha_demanda, id_producto, consumo) values (208,'20/01/2009',9,13146.8142857143);	INSERT into demanda(id,fecha_demanda, id_producto, consumo) values (239,'20/01/2009',10,18387.5142857143);	INSERT into demanda(id,fecha_demanda, id_producto, consumo) values (270,'20/01/2009',11,15187.3714285714);	INSERT into demanda(id,fecha_demanda, id_producto, consumo) values (301,'20/01/2009',7,4774.22142857143);	INSERT into demanda(id,fecha_demanda, id_producto, consumo) values (332,'20/01/2009',6,15739.3285714286);
INSERT into demanda(id,fecha_demanda, id_producto, consumo) values (21,'21/01/2009',1,725.4);	INSERT into demanda(id,fecha_demanda, id_producto, consumo) values (52,'21/01/2009',2,16116.3214285714);	INSERT into demanda(id,fecha_demanda, id_producto, consumo) values (83,'21/01/2009',3,4785.04285714286);	INSERT into demanda(id,fecha_demanda, id_producto, consumo) values (114,'21/01/2009',4,49952.7);	INSERT into demanda(id,fecha_demanda, id_producto, consumo) values (145,'21/01/2009',5,4149.04285714286);	INSERT into demanda(id,fecha_demanda, id_producto, consumo) values (176,'21/01/2009',8,3559.62857142857);	INSERT into demanda(id,fecha_demanda, id_producto, consumo) values (209,'21/01/2009',9,13146.8142857143);	INSERT into demanda(id,fecha_demanda, id_producto, consumo) values (240,'21/01/2009',10,18387.5142857143);	INSERT into demanda(id,fecha_demanda, id_producto, consumo) values (271,'21/01/2009',11,15187.3714285714);	INSERT into demanda(id,fecha_demanda, id_producto, consumo) values (302,'21/01/2009',7,4774.22142857143);	INSERT into demanda(id,fecha_demanda, id_producto, consumo) values (333,'21/01/2009',6,15739.3285714286);
INSERT into demanda(id,fecha_demanda, id_producto, consumo) values (22,'22/01/2009',1,338.52);	INSERT into demanda(id,fecha_demanda, id_producto, consumo) values (53,'22/01/2009',2,7520.95);	INSERT into demanda(id,fecha_demanda, id_producto, consumo) values (84,'22/01/2009',3,2233.02);	INSERT into demanda(id,fecha_demanda, id_producto, consumo) values (115,'22/01/2009',4,23311.26);	INSERT into demanda(id,fecha_demanda, id_producto, consumo) values (146,'22/01/2009',5,1936.22);	INSERT into demanda(id,fecha_demanda, id_producto, consumo) values (177,'22/01/2009',8,1661.16);	INSERT into demanda(id,fecha_demanda, id_producto, consumo) values (210,'22/01/2009',9,6135.18);	INSERT into demanda(id,fecha_demanda, id_producto, consumo) values (241,'22/01/2009',10,8580.84);	INSERT into demanda(id,fecha_demanda, id_producto, consumo) values (272,'22/01/2009',11,7087.44);	INSERT into demanda(id,fecha_demanda, id_producto, consumo) values (303,'22/01/2009',7,2227.97);	INSERT into demanda(id,fecha_demanda, id_producto, consumo) values (334,'22/01/2009',6,7345.02);
INSERT into demanda(id,fecha_demanda, id_producto, consumo) values (23,'23/01/2009',1,338.52);	INSERT into demanda(id,fecha_demanda, id_producto, consumo) values (54,'23/01/2009',2,7520.95);	INSERT into demanda(id,fecha_demanda, id_producto, consumo) values (85,'23/01/2009',3,2233.02);	INSERT into demanda(id,fecha_demanda, id_producto, consumo) values (116,'23/01/2009',4,23311.26);	INSERT into demanda(id,fecha_demanda, id_producto, consumo) values (147,'23/01/2009',5,1936.22);	INSERT into demanda(id,fecha_demanda, id_producto, consumo) values (178,'23/01/2009',8,1661.16);	INSERT into demanda(id,fecha_demanda, id_producto, consumo) values (211,'23/01/2009',9,6135.18);	INSERT into demanda(id,fecha_demanda, id_producto, consumo) values (242,'23/01/2009',10,8580.84);	INSERT into demanda(id,fecha_demanda, id_producto, consumo) values (273,'23/01/2009',11,7087.44);	INSERT into demanda(id,fecha_demanda, id_producto, consumo) values (304,'23/01/2009',7,2227.97);	INSERT into demanda(id,fecha_demanda, id_producto, consumo) values (335,'23/01/2009',6,7345.02);
INSERT into demanda(id,fecha_demanda, id_producto, consumo) values (24,'24/01/2009',1,338.52);	INSERT into demanda(id,fecha_demanda, id_producto, consumo) values (55,'24/01/2009',2,7520.95);	INSERT into demanda(id,fecha_demanda, id_producto, consumo) values (86,'24/01/2009',3,2233.02);	INSERT into demanda(id,fecha_demanda, id_producto, consumo) values (117,'24/01/2009',4,23311.26);	INSERT into demanda(id,fecha_demanda, id_producto, consumo) values (148,'24/01/2009',5,1936.22);	INSERT into demanda(id,fecha_demanda, id_producto, consumo) values (179,'24/01/2009',8,1661.16);	INSERT into demanda(id,fecha_demanda, id_producto, consumo) values (212,'24/01/2009',9,6135.18);	INSERT into demanda(id,fecha_demanda, id_producto, consumo) values (243,'24/01/2009',10,8580.84);	INSERT into demanda(id,fecha_demanda, id_producto, consumo) values (274,'24/01/2009',11,7087.44);	INSERT into demanda(id,fecha_demanda, id_producto, consumo) values (305,'24/01/2009',7,2227.97);	INSERT into demanda(id,fecha_demanda, id_producto, consumo) values (336,'24/01/2009',6,7345.02);
INSERT into demanda(id,fecha_demanda, id_producto, consumo) values (25,'25/01/2009',1,338.52);	INSERT into demanda(id,fecha_demanda, id_producto, consumo) values (56,'25/01/2009',2,7520.95);	INSERT into demanda(id,fecha_demanda, id_producto, consumo) values (87,'25/01/2009',3,2233.02);	INSERT into demanda(id,fecha_demanda, id_producto, consumo) values (118,'25/01/2009',4,23311.26);	INSERT into demanda(id,fecha_demanda, id_producto, consumo) values (149,'25/01/2009',5,1936.22);	INSERT into demanda(id,fecha_demanda, id_producto, consumo) values (180,'25/01/2009',8,1661.16);	INSERT into demanda(id,fecha_demanda, id_producto, consumo) values (213,'25/01/2009',9,6135.18);	INSERT into demanda(id,fecha_demanda, id_producto, consumo) values (244,'25/01/2009',10,8580.84);	INSERT into demanda(id,fecha_demanda, id_producto, consumo) values (275,'25/01/2009',11,7087.44);	INSERT into demanda(id,fecha_demanda, id_producto, consumo) values (306,'25/01/2009',7,2227.97);	INSERT into demanda(id,fecha_demanda, id_producto, consumo) values (337,'25/01/2009',6,7345.02);
INSERT into demanda(id,fecha_demanda, id_producto, consumo) values (26,'26/01/2009',1,338.52);	INSERT into demanda(id,fecha_demanda, id_producto, consumo) values (57,'26/01/2009',2,7520.95);	INSERT into demanda(id,fecha_demanda, id_producto, consumo) values (88,'26/01/2009',3,2233.02);	INSERT into demanda(id,fecha_demanda, id_producto, consumo) values (119,'26/01/2009',4,23311.26);	INSERT into demanda(id,fecha_demanda, id_producto, consumo) values (150,'26/01/2009',5,1936.22);	INSERT into demanda(id,fecha_demanda, id_producto, consumo) values (181,'26/01/2009',8,1661.16);	INSERT into demanda(id,fecha_demanda, id_producto, consumo) values (214,'26/01/2009',9,6135.18);	INSERT into demanda(id,fecha_demanda, id_producto, consumo) values (245,'26/01/2009',10,8580.84);	INSERT into demanda(id,fecha_demanda, id_producto, consumo) values (276,'26/01/2009',11,7087.44);	INSERT into demanda(id,fecha_demanda, id_producto, consumo) values (307,'26/01/2009',7,2227.97);	INSERT into demanda(id,fecha_demanda, id_producto, consumo) values (338,'26/01/2009',6,7345.02);
INSERT into demanda(id,fecha_demanda, id_producto, consumo) values (27,'27/01/2009',1,338.52);	INSERT into demanda(id,fecha_demanda, id_producto, consumo) values (58,'27/01/2009',2,7520.95);	INSERT into demanda(id,fecha_demanda, id_producto, consumo) values (89,'27/01/2009',3,2233.02);	INSERT into demanda(id,fecha_demanda, id_producto, consumo) values (120,'27/01/2009',4,23311.26);	INSERT into demanda(id,fecha_demanda, id_producto, consumo) values (151,'27/01/2009',5,1936.22);	INSERT into demanda(id,fecha_demanda, id_producto, consumo) values (182,'27/01/2009',8,1661.16);	INSERT into demanda(id,fecha_demanda, id_producto, consumo) values (215,'27/01/2009',9,6135.18);	INSERT into demanda(id,fecha_demanda, id_producto, consumo) values (246,'27/01/2009',10,8580.84);	INSERT into demanda(id,fecha_demanda, id_producto, consumo) values (277,'27/01/2009',11,7087.44);	INSERT into demanda(id,fecha_demanda, id_producto, consumo) values (308,'27/01/2009',7,2227.97);	INSERT into demanda(id,fecha_demanda, id_producto, consumo) values (339,'27/01/2009',6,7345.02);
INSERT into demanda(id,fecha_demanda, id_producto, consumo) values (28,'28/01/2009',1,338.52);	INSERT into demanda(id,fecha_demanda, id_producto, consumo) values (59,'28/01/2009',2,7520.95);	INSERT into demanda(id,fecha_demanda, id_producto, consumo) values (90,'28/01/2009',3,2233.02);	INSERT into demanda(id,fecha_demanda, id_producto, consumo) values (121,'28/01/2009',4,23311.26);	INSERT into demanda(id,fecha_demanda, id_producto, consumo) values (152,'28/01/2009',5,1936.22);	INSERT into demanda(id,fecha_demanda, id_producto, consumo) values (183,'28/01/2009',8,1661.16);	INSERT into demanda(id,fecha_demanda, id_producto, consumo) values (216,'28/01/2009',9,6135.18);	INSERT into demanda(id,fecha_demanda, id_producto, consumo) values (247,'28/01/2009',10,8580.84);	INSERT into demanda(id,fecha_demanda, id_producto, consumo) values (278,'28/01/2009',11,7087.44);	INSERT into demanda(id,fecha_demanda, id_producto, consumo) values (309,'28/01/2009',7,2227.97);	INSERT into demanda(id,fecha_demanda, id_producto, consumo) values (340,'28/01/2009',6,7345.02);
INSERT into demanda(id,fecha_demanda, id_producto, consumo) values (29,'29/01/2009',1,338.52);	INSERT into demanda(id,fecha_demanda, id_producto, consumo) values (60,'29/01/2009',2,7520.95);	INSERT into demanda(id,fecha_demanda, id_producto, consumo) values (91,'29/01/2009',3,2233.02);	INSERT into demanda(id,fecha_demanda, id_producto, consumo) values (122,'29/01/2009',4,23311.26);	INSERT into demanda(id,fecha_demanda, id_producto, consumo) values (153,'29/01/2009',5,1936.22);	INSERT into demanda(id,fecha_demanda, id_producto, consumo) values (184,'29/01/2009',8,1661.16);	INSERT into demanda(id,fecha_demanda, id_producto, consumo) values (217,'29/01/2009',9,6135.18);	INSERT into demanda(id,fecha_demanda, id_producto, consumo) values (248,'29/01/2009',10,8580.84);	INSERT into demanda(id,fecha_demanda, id_producto, consumo) values (279,'29/01/2009',11,7087.44);	INSERT into demanda(id,fecha_demanda, id_producto, consumo) values (310,'29/01/2009',7,2227.97);	INSERT into demanda(id,fecha_demanda, id_producto, consumo) values (341,'29/01/2009',6,7345.02);
INSERT into demanda(id,fecha_demanda, id_producto, consumo) values (30,'30/01/2009',1,338.52);	INSERT into demanda(id,fecha_demanda, id_producto, consumo) values (61,'30/01/2009',2,7520.95);	INSERT into demanda(id,fecha_demanda, id_producto, consumo) values (92,'30/01/2009',3,2233.02);	INSERT into demanda(id,fecha_demanda, id_producto, consumo) values (123,'30/01/2009',4,23311.26);	INSERT into demanda(id,fecha_demanda, id_producto, consumo) values (154,'30/01/2009',5,1936.22);	INSERT into demanda(id,fecha_demanda, id_producto, consumo) values (185,'30/01/2009',8,1661.16);	INSERT into demanda(id,fecha_demanda, id_producto, consumo) values (218,'30/01/2009',9,6135.18);	INSERT into demanda(id,fecha_demanda, id_producto, consumo) values (249,'30/01/2009',10,8580.84);	INSERT into demanda(id,fecha_demanda, id_producto, consumo) values (280,'30/01/2009',11,7087.44);	INSERT into demanda(id,fecha_demanda, id_producto, consumo) values (311,'30/01/2009',7,2227.97);	INSERT into demanda(id,fecha_demanda, id_producto, consumo) values (342,'30/01/2009',6,7345.02);
INSERT into demanda(id,fecha_demanda, id_producto, consumo) values (31,'31/01/2009',1,338.52);	INSERT into demanda(id,fecha_demanda, id_producto, consumo) values (62,'31/01/2009',2,7520.95);	INSERT into demanda(id,fecha_demanda, id_producto, consumo) values (93,'31/01/2009',3,2233.02);	INSERT into demanda(id,fecha_demanda, id_producto, consumo) values (124,'31/01/2009',4,23311.26);	INSERT into demanda(id,fecha_demanda, id_producto, consumo) values (155,'31/01/2009',5,1936.22);	INSERT into demanda(id,fecha_demanda, id_producto, consumo) values (186,'31/01/2009',8,1661.16);	INSERT into demanda(id,fecha_demanda, id_producto, consumo) values (219,'31/01/2009',9,6135.18);	INSERT into demanda(id,fecha_demanda, id_producto, consumo) values (250,'31/01/2009',10,8580.84);	INSERT into demanda(id,fecha_demanda, id_producto, consumo) values (281,'31/01/2009',11,7087.44);	INSERT into demanda(id,fecha_demanda, id_producto, consumo) values (312,'31/01/2009',7,2227.97);	INSERT into demanda(id,fecha_demanda, id_producto, consumo) values (343,'31/01/2009',6,7345.02);

--linea
INSERT into linea(id,id_producto,nombreLinea,tasaFabricacion) values (1,1,'Linea1_agua',240000);
INSERT into linea(id,id_producto,nombreLinea,tasaFabricacion) values (2,1,'Linea1_gaseosa',192000);
INSERT into linea(id,id_producto,nombreLinea,tasaFabricacion) values (3,1,'Linea2_gaseosa',48000);
INSERT into linea(id,id_producto,nombreLinea,tasaFabricacion) values (4,2,'Linea1_agua',240000);
INSERT into linea(id,id_producto,nombreLinea,tasaFabricacion) values (5,3,'Linea1_gaseosa',180000);
INSERT into linea(id,id_producto,nombreLinea,tasaFabricacion) values (6,3,'Linea2_gaseosa',36000);
INSERT into linea(id,id_producto,nombreLinea,tasaFabricacion) values (7,4,'Linea1_agua',230400);
INSERT into linea(id,id_producto,nombreLinea,tasaFabricacion) values (8,5,'Linea3_agua',13920);
INSERT into linea(id,id_producto,nombreLinea,tasaFabricacion) values (9,6,'Linea2_agua',64800);
INSERT into linea(id,id_producto,nombreLinea,tasaFabricacion) values (10,7,'Linea1_gaseosa',54000);
INSERT into linea(id,id_producto,nombreLinea,tasaFabricacion) values (11,8,'Linea1_gaseosa',192000);
INSERT into linea(id,id_producto,nombreLinea,tasaFabricacion) values (12,8,'Linea2_gaseosa',48000);
INSERT into linea(id,id_producto,nombreLinea,tasaFabricacion) values (13,9,'Linea1_gaseosa',180000);
INSERT into linea(id,id_producto,nombreLinea,tasaFabricacion) values (14,9,'Linea2_gaseosa',36000);
INSERT into linea(id,id_producto,nombreLinea,tasaFabricacion) values (15,10,'Linea1_gaseosa',54000);
INSERT into linea(id,id_producto,nombreLinea,tasaFabricacion) values (16,11,'Linea1_gaseosa',192000);
INSERT into linea(id,id_producto,nombreLinea,tasaFabricacion) values (17,11,'Linea2_gaseosa',48000);